"Market Place","Crop Variety","Producer Min","Producer Max","Wholesale Min","Wholesale Max","Retail Min","Retail Max","Volume","Collection Date"
"Bahir Dar kebele 04","White Teff (Quintal)",0,0,2400,2500,2550,2650,"Sufficient","2019-05-02"
"Hawassa ","White Teff (Quintal)",0,0,2700,2900,2800,3000,"Under","2019-05-06"
"Humera","White Teff (Quintal)",0,0,2800,2900,0,0,"Sufficient","2019-05-08"
"Bahir Dar kebele 04","White Teff (Quintal)",0,0,2450,2550,2550,2700,"Sufficient","2019-05-09"
"Hawassa ","White Teff (Quintal)",0,0,2700,2900,2800,3000,"Under","2019-05-13"
"Humera","White Teff (Quintal)",0,0,2900,2950,0,0,"Under","2019-05-15"
"Bahir Dar kebele 04","White Teff (Quintal)",0,0,2400,2550,2600,2700,"Sufficient","2019-05-16"
"Hawassa ","White Teff (Quintal)",0,0,2700,2900,2800,3000,"Under","2019-05-20"
"Humera","White Teff (Quintal)",0,0,2900,3000,0,0,"Sufficient","2019-05-22"
"Bahir Dar kebele 04","White Teff (Quintal)",0,0,2450,2550,2600,2750,"Sufficient","2019-05-23"
"Adama City","White Teff (Quintal)",2900,3000,0,0,2900,3000,"Sufficient","2019-05-23"
"Hawassa ","White Teff (Quintal)",0,0,2800,3000,2900,3100,"Under","2019-05-27"
"Humera","White Teff (Quintal)",0,0,2900,3100,0,0,"Sufficient","2019-05-29"
"Bahir Dar kebele 04","White Teff (Quintal)",0,0,2450,2550,2600,2750,"Sufficient","2019-05-30"
"Adama City","White Teff (Quintal)",2900,3000,0,0,2900,3000,"Sufficient","2019-05-30"
"Hawassa ","White Teff (Quintal)",0,0,2800,3000,2900,3100,"Sufficient","2019-06-03"
"Humera","White Teff (Quintal)",0,0,3000,3100,0,0,"Sufficient","2019-06-05"
"Bahir Dar kebele 04","White Teff (Quintal)",0,0,2500,2600,2600,2800,"Sufficient","2019-06-06"
"Adama City","White Teff (Quintal)",0,0,2850,2900,2950,3050,"Sufficient","2019-06-06"
"Humera","White Teff (Quintal)",0,0,3100,3200,0,0,"Sufficient","2019-06-12"
"Adama City","White Teff (Quintal)",0,0,3000,3050,3080,3100,"Sufficient","2019-06-13"
"Hawassa ","White Teff (Quintal)",0,0,2800,3000,2900,3100,"Sufficient","2019-06-17"
"Humera","White Teff (Quintal)",0,0,3100,3200,0,0,"Sufficient","2019-06-19"
"Bahir Dar kebele 04","White Teff (Quintal)",0,0,2650,2800,2800,3100,"Sufficient","2019-06-20"
"Adama City","White Teff (Quintal)",0,0,2900,2950,3000,3050,"Sufficient","2019-06-20"
"Humera","White Teff (Quintal)",0,0,3100,3200,0,0,"Sufficient","2019-06-26"
"Bahir Dar kebele 04","White Teff (Quintal)",0,0,2650,2800,2800,3100,"Sufficient","2019-06-27"
"Adama City","White Teff (Quintal)",0,0,2900,2950,3000,3000,"Under","2019-06-27"
"Hawassa ","White Teff (Quintal)",0,0,2900,3000,3100,3300,"Sufficient","2019-07-01"
"Humera","White Teff (Quintal)",0,0,3200,3300,0,0,"Sufficient","2019-07-03"
"Bahir Dar kebele 04","White Teff (Quintal)",0,0,2650,2800,2800,3100,"Sufficient","2019-07-04"
"Adama City","White Teff (Quintal)",0,0,2900,2950,3000,3050,"Sufficient","2019-07-04"
"Hawassa ","White Teff (Quintal)",0,0,2800,2900,3100,3200,"Sufficient","2019-07-08"
"Humera","White Teff (Quintal)",0,0,3200,3300,0,0,"Sufficient","2019-07-10"
"Bahir Dar kebele 04","White Teff (Quintal)",0,0,2650,2800,2800,3100,"Sufficient","2019-07-11"
"Adama City","White Teff (Quintal)",0,0,0,0,2900,3000,"Sufficient","2019-07-11"
"Hawassa ","White Teff (Quintal)",0,0,2800,2900,3100,3200,"Sufficient","2019-07-15"
"Humera","White Teff (Quintal)",0,0,3100,3300,0,0,"Sufficient","2019-07-17"
"Bahir Dar kebele 04","White Teff (Quintal)",0,0,2750,3000,2900,3200,"Sufficient","2019-07-18"
"Adama City","White Teff (Quintal)",0,0,2880,2900,2950,3000,"Sufficient","2019-07-18"
"Humera","White Teff (Quintal)",0,0,3200,3300,0,0,"Sufficient","2019-07-24"
"Bahir Dar kebele 04","White Teff (Quintal)",0,0,2800,3000,2950,3300,"Sufficient","2019-07-25"
"Adama City","White Teff (Quintal)",0,0,2950,3000,3050,3100,"Sufficient","2019-07-25"
"Humera","White Teff (Quintal)",0,0,3200,3300,0,0,"Sufficient","2019-07-31"
"Adama City","White Teff (Quintal)",0,0,2950,3000,3100,3200,"Sufficient","2019-08-01"
"Bahir Dar kebele 04","White Teff (Quintal)",0,0,2800,3000,2900,3200,"Sufficient","2019-08-01"
"Hawassa ","White Teff (Quintal)",0,0,2900,3000,3200,3300,"Sufficient","2019-08-05"
"Humera","White Teff (Quintal)",0,0,3200,3300,0,0,"Sufficient","2019-08-07"
"Bahir Dar kebele 04","White Teff (Quintal)",0,0,2850,3000,2950,3200,"Sufficient","2019-08-08"
"Adama City","White Teff (Quintal)",0,0,3000,3100,3200,3250,"Sufficient","2019-08-08"
"Hawassa ","White Teff (Quintal)",0,0,3000,3100,3200,3300,"Sufficient","2019-08-12"
"Bahir Dar kebele 04","White Teff (Quintal)",0,0,2900,3050,2950,3200,"Sufficient","2019-08-15"
"Adama City","White Teff (Quintal)",0,0,2950,3000,3100,3200,"Sufficient","2019-08-15"
"Hawassa ","White Teff (Quintal)",0,0,2800,3200,2900,3300,"Under","2019-08-19"
"Humera","White Teff (Quintal)",0,0,3200,3300,0,0,"Sufficient","2019-08-21"
"Bahir Dar kebele 04","White Teff (Quintal)",0,0,3000,3100,3100,3300,"Sufficient","2019-08-22"
"Adama City","White Teff (Quintal)",0,0,2780,2800,2850,2900,"Sufficient","2019-08-22"
"Hawassa ","White Teff (Quintal)",0,0,2800,3200,2950,3300,"Under","2019-08-26"
"Bahir Dar kebele 04","White Teff (Quintal)",0,0,3000,3200,3200,3400,"Sufficient","2019-08-29"
"Hawassa ","White Teff (Quintal)",0,0,2900,3200,3000,3300,"Sufficient","2019-09-02"
"Humera","White Teff (Quintal)",0,0,3300,3400,0,0,"Sufficient","2019-09-04"
"Bahir Dar kebele 04","White Teff (Quintal)",0,0,3050,3200,3250,3400,"Sufficient","2019-09-05"
"Adama City","White Teff (Quintal)",0,0,2700,2800,2850,2900,"Sufficient","2019-09-05"
"Hawassa ","White Teff (Quintal)",0,0,2800,3200,2900,3300,"Sufficient","2019-09-09"
"Hawassa ","White Teff (Quintal)",0,0,2800,3200,2900,3300,"Sufficient","2019-09-16"
"Humera","White Teff (Quintal)",0,0,3350,3400,0,0,"Sufficient","2019-09-18"
"Adama City","White Teff (Quintal)",0,0,3000,3100,3150,3200,"Sufficient","2019-09-19"
"Bahir Dar kebele 04","White Teff (Quintal)",0,0,3000,3200,3200,3400,"Sufficient","2019-09-19"
"Hawassa ","White Teff (Quintal)",0,0,2800,3200,2900,3300,"Sufficient","2019-09-23"
"Humera","White Teff (Quintal)",0,0,3380,3400,0,0,"Under","2019-09-25"
"Humera","White Teff (Quintal)",0,0,3380,3400,0,0,"Under","2019-09-25"
"Humera","White Teff (Quintal)",0,0,3380,3400,0,0,"Under","2019-09-25"
"Humera","White Teff (Quintal)",0,0,3380,3400,0,0,"Under","2019-09-25"
"Humera","White Teff (Quintal)",0,0,3380,3400,0,0,"Under","2019-09-25"
"Humera","White Teff (Quintal)",0,0,3380,3400,0,0,"Under","2019-09-25"
"Adama City","White Teff (Quintal)",0,0,2950,3000,3150,3200,"Sufficient","2019-09-26"
"Hawassa ","White Teff (Quintal)",0,0,2750,3100,2850,3200,"Sufficient","2019-09-30"
"Bahir Dar kebele 04","White Teff (Quintal)",0,0,3100,3250,3200,3400,"Sufficient","2019-10-03"
"Adama City","White Teff (Quintal)",0,0,2700,2750,2800,2900,"Sufficient","2019-10-03"
"Hawassa ","White Teff (Quintal)",0,0,2800,3100,2900,3300,"Sufficient","2019-10-07"
"Humera","White Teff (Quintal)",0,0,3400,3500,0,0,"Under","2019-10-09"
"Adama City","White Teff (Quintal)",0,0,2700,2780,2800,2900,"Sufficient","2019-10-10"
"Bahir Dar kebele 04","White Teff (Quintal)",0,0,3100,3250,3200,3400,"Sufficient","2019-10-10"
"Hawassa ","White Teff (Quintal)",0,0,2800,3200,2900,3300,"Sufficient","2019-10-14"
"Humera","White Teff (Quintal)",0,0,3500,3600,0,0,"Sufficient","2019-10-16"
"Bahir Dar kebele 04","White Teff (Quintal)",0,0,3100,3200,3200,3400,"Sufficient","2019-10-17"
"Adama City","White Teff (Quintal)",0,0,2700,2750,2800,2900,"Sufficient","2019-10-17"
"Hawassa ","White Teff (Quintal)",0,0,2800,3200,2900,3300,"Sufficient","2019-10-21"
"Humera","White Teff (Quintal)",0,0,3500,3600,0,0,"Sufficient","2019-10-23"
"Bahir Dar kebele 04","White Teff (Quintal)",0,0,3100,3200,3200,3400,"Sufficient","2019-10-24"
"Hawassa ","White Teff (Quintal)",0,0,2800,3100,2900,3300,"Sufficient","2019-10-28"
"Humera","White Teff (Quintal)",0,0,3500,3600,0,0,"Sufficient","2019-10-30"
"Bahir Dar kebele 04","White Teff (Quintal)",0,0,3150,3250,3300,3400,"Sufficient","2019-10-31"
"Adama City","White Teff (Quintal)",0,0,2700,2800,2900,3000,"Sufficient","2019-10-31"
"Bonga","White Teff (Quintal)",0,0,3200,3300,3300,3400,"Sufficient","2019-11-02"
"Dilla","White Teff (Quintal)",2750,2800,2850,2900,2950,3000,"Sufficient","2019-11-02"
"Hawassa ","White Teff (Quintal)",0,0,2800,3200,2900,3300,"Sufficient","2019-11-04"
"Humera","White Teff (Quintal)",0,0,3400,3500,0,0,"Sufficient","2019-11-06"
"Adama City","White Teff (Quintal)",0,0,2700,2800,2900,3000,"Sufficient","2019-11-07"
"Bahir Dar kebele 04","White Teff (Quintal)",0,0,3100,3200,3250,3400,"Sufficient","2019-11-07"
"Dilla","White Teff (Quintal)",2750,2800,2900,2950,2950,3000,"Sufficient","2019-11-09"
"Hawassa ","White Teff (Quintal)",0,0,2800,3200,2900,3300,"Sufficient","2019-11-11"
"Humera","White Teff (Quintal)",0,0,3400,3500,0,0,"Sufficient","2019-11-13"
"Adama City","White Teff (Quintal)",0,0,2750,2800,2900,3000,"Sufficient","2019-11-14"
"Bahir Dar kebele 04","White Teff (Quintal)",0,0,3150,3250,3250,3450,"Sufficient","2019-11-14"
"Bonga","White Teff (Quintal)",0,0,2700,2800,3100,3200,"Sufficient","2019-11-16"
"Dilla","White Teff (Quintal)",2780,2820,2900,2930,2980,3000,"Sufficient","2019-11-16"
"Hawassa ","White Teff (Quintal)",0,0,2900,3200,3000,3300,"Sufficient","2019-11-18"
"Bahir Dar kebele 04","White Teff (Quintal)",0,0,3300,3500,3400,3600,"Sufficient","2019-11-21"
"Shire-Endaselassie","White Teff (Quintal)",0,0,3000,3300,3226,3584,"Sufficient","2019-11-23"
"Dilla","White Teff (Quintal)",2790,2800,2920,2950,2985,3000,"Sufficient","2019-11-23"
"Hawassa ","White Teff (Quintal)",0,0,2800,3200,2900,3300,"Sufficient","2019-11-25"
"Humera","White Teff (Quintal)",0,0,3500,3600,0,0,"Sufficient","2019-11-27"
"Bahir Dar kebele 04","White Teff (Quintal)",0,0,3200,3500,3250,3600,"Sufficient","2019-11-28"
"Adama City","White Teff (Quintal)",0,0,2600,2700,2800,2900,"Sufficient","2019-11-28"
"Dilla","White Teff (Quintal)",2750,2800,2850,2900,2930,3000,"Sufficient","2019-11-30"
"Shire-Endaselassie","White Teff (Quintal)",0,0,3150,3300,3226,3584,"Sufficient","2019-11-30"
"Hawassa ","White Teff (Quintal)",0,0,2800,3300,2900,3400,"Sufficient","2019-12-02"
"Woldia Gebeya","White Teff (Quintal)",2898,2967,0,0,3036,3105,"Sufficient","2019-12-03"
"Humera","White Teff (Quintal)",0,0,3400,3500,0,0,"Sufficient","2019-12-04"
"Bahir Dar kebele 04","White Teff (Quintal)",0,0,3350,3500,3400,3650,"Sufficient","2019-12-05"
"Adama City","White Teff (Quintal)",0,0,2700,2750,2800,2900,"Over","2019-12-05"
"Bonga","White Teff (Quintal)",0,0,2900,3000,3100,3200,"Sufficient","2019-12-07"
"Shire-Endaselassie","White Teff (Quintal)",0,0,3000,3300,3391,3584,"Sufficient","2019-12-07"
"Hawassa ","White Teff (Quintal)",0,0,2800,3300,2900,3400,"Sufficient","2019-12-09"
"Woldia Gebeya","White Teff (Quintal)",2691,2760,0,0,2760,2829,"Sufficient","2019-12-10"
"Humera","White Teff (Quintal)",0,0,3500,3550,0,0,"Sufficient","2019-12-11"
"Bahir Dar kebele 04","White Teff (Quintal)",0,0,3300,3500,3450,3650,"Sufficient","2019-12-12"
"Adama City","White Teff (Quintal)",0,0,2900,3000,3100,3200,"Sufficient","2019-12-12"
"Dilla","White Teff (Quintal)",0,0,2800,2900,2950,3000,"Sufficient","2019-12-14"
"Shire-Endaselassie","White Teff (Quintal)",0,0,3160,3250,3226,3584,"Sufficient","2019-12-14"
"Hawassa ","White Teff (Quintal)",0,0,2800,3300,2900,3400,"Sufficient","2019-12-16"
"Woldia Gebeya","White Teff (Quintal)",2967,3036,0,0,3105,3174,"Over","2019-12-17"
"Humera","White Teff (Quintal)",0,0,3400,3500,0,0,"Sufficient","2019-12-18"
"Bahir Dar kebele 04","White Teff (Quintal)",0,0,3250,3500,3400,3600,"Sufficient","2019-12-19"
"Adama City","White Teff (Quintal)",0,0,3000,3050,3100,3200,"Sufficient","2019-12-19"
"Bonga","White Teff (Quintal)",0,0,3000,3100,3200,3300,"Sufficient","2019-12-21"
"Shire-Endaselassie","White Teff (Quintal)",0,0,3340,3380,3395,3584,"Sufficient","2019-12-21"
"Hawassa ","White Teff (Quintal)",0,0,2800,3300,2900,3400,"Sufficient","2019-12-23"
"Woldia Gebeya","White Teff (Quintal)",2829,2933,0,0,2967,3105,"Over","2019-12-24"
"Humera","White Teff (Quintal)",0,0,3400,3500,0,0,"Sufficient","2019-12-25"
"Bahir Dar kebele 04","White Teff (Quintal)",0,0,3250,3500,3400,3600,"Sufficient","2019-12-26"
"Adama City","White Teff (Quintal)",0,0,2900,3000,3100,3200,"Over","2019-12-26"
"Bonga","White Teff (Quintal)",0,0,3000,3100,3200,3300,"Sufficient","2019-12-28"
"Shire-Endaselassie","White Teff (Quintal)",0,0,3350,3400,3395,3584,"Sufficient","2019-12-28"
"Dilla","White Teff (Quintal)",0,0,2950,3000,3050,3100,"Sufficient","2019-12-28"
"Hawassa ","White Teff (Quintal)",0,0,2900,3400,3000,3600,"Sufficient","2019-12-30"
"Woldia Gebeya","White Teff (Quintal)",2829,2898,0,0,2967,3105,"Sufficient","2019-12-31"
"Humera","White Teff (Quintal)",0,0,3400,3500,0,0,"Sufficient","2020-01-01"
"Bahir Dar kebele 04","White Teff (Quintal)",0,0,3200,3400,3300,3500,"Sufficient","2020-01-02"
"Adama City","White Teff (Quintal)",0,0,2900,3000,3100,3200,"Over","2020-01-02"
"Dilla","White Teff (Quintal)",0,0,3000,3100,3200,3300,"Sufficient","2020-01-04"
"Bonga","White Teff (Quintal)",0,0,2600,2700,3200,3300,"Sufficient","2020-01-04"
"Shire-Endaselassie","White Teff (Quintal)",0,0,3320,3360,3226,3584,"Sufficient","2020-01-04"
"Hawassa ","White Teff (Quintal)",0,0,2900,3400,3000,3600,"Sufficient","2020-01-06"
"Humera","White Teff (Quintal)",0,0,3400,3500,0,0,"Sufficient","2020-01-08"
"Bahir Dar kebele 04","White Teff (Quintal)",0,0,3200,3400,3300,3500,"Sufficient","2020-01-09"
"Adama City","White Teff (Quintal)",0,0,3000,3100,3200,3300,"Sufficient","2020-01-09"
"Bonga","White Teff (Quintal)",0,0,3100,3200,3300,3400,"Sufficient","2020-01-11"
"Shire-Endaselassie","White Teff (Quintal)",0,0,3300,3350,3226,3395,"Sufficient","2020-01-11"
"Hawassa ","White Teff (Quintal)",0,0,3000,3400,3100,3600,"Sufficient","2020-01-13"
"Woldia Gebeya","White Teff (Quintal)",2967,3001,0,0,3036,3105,"Sufficient","2020-01-14"
"Humera","White Teff (Quintal)",0,0,3400,3500,0,0,"Sufficient","2020-01-15"
"Bahir Dar kebele 04","White Teff (Quintal)",0,0,3200,3400,3300,3500,"Sufficient","2020-01-16"
"Adama City","White Teff (Quintal)",0,0,3000,3100,3200,3300,"Sufficient","2020-01-16"
"Bonga","White Teff (Quintal)",0,0,2900,3000,3300,3400,"Sufficient","2020-01-18"
"Shire-Endaselassie","White Teff (Quintal)",0,0,3290,3345,3226,3395,"Sufficient","2020-01-18"
"Hawassa ","White Teff (Quintal)",0,0,3000,3400,3100,3600,"Sufficient","2020-01-20"
"Humera","White Teff (Quintal)",0,0,3500,3600,0,0,"Sufficient","2020-01-22"
"Bahir Dar kebele 04","White Teff (Quintal)",0,0,3200,3400,3400,3600,"Sufficient","2020-01-23"
"Adama City","White Teff (Quintal)",0,0,3000,3100,3200,3300,"Over","2020-01-23"
"Bonga","White Teff (Quintal)",0,0,3200,3300,3400,3500,"Sufficient","2020-01-25"
"Shire-Endaselassie","White Teff (Quintal)",0,0,3260,3350,3226,3395,"Sufficient","2020-01-25"
"Hawassa ","White Teff (Quintal)",0,0,2900,3400,3100,3600,"Sufficient","2020-01-27"
"Woldia Gebeya","White Teff (Quintal)",2829,2967,0,0,3036,3174,"Sufficient","2020-01-28"
"Humera","White Teff (Quintal)",0,0,3500,3600,0,0,"Sufficient","2020-01-29"
"Bahir Dar kebele 04","White Teff (Quintal)",0,0,3200,3400,3400,3600,"Sufficient","2020-01-30"
"Adama City","White Teff (Quintal)",0,0,3000,3100,3200,3300,"Sufficient","2020-01-30"
"Shire-Endaselassie","White Teff (Quintal)",0,0,3200,3400,3226,3395,"Sufficient","2020-02-01"
"Bonga","White Teff (Quintal)",0,0,3100,3200,3300,3400,"Sufficient","2020-02-01"
"Woldia Gebeya","White Teff (Quintal)",2898,3036,0,0,3105,3243,"Over","2020-02-04"
"Humera","White Teff (Quintal)",0,0,3500,3600,0,0,"Sufficient","2020-02-05"
"Bahir Dar kebele 04","White Teff (Quintal)",0,0,3000,3250,3300,3500,"Sufficient","2020-02-06"
"Adama City","White Teff (Quintal)",0,0,3100,3200,3300,3500,"Sufficient","2020-02-06"
"Bonga","White Teff (Quintal)",0,0,3100,3200,3300,3400,"Sufficient","2020-02-08"
"Shire-Endaselassie","White Teff (Quintal)",0,0,3300,3380,3395,3584,"Sufficient","2020-02-08"
"Hawassa ","White Teff (Quintal)",0,0,2900,3400,3100,3600,"Sufficient","2020-02-10"
"Woldia Gebeya","White Teff (Quintal)",2829,2967,0,0,3036,3174,"Sufficient","2020-02-11"
"Humera","White Teff (Quintal)",0,0,3500,3600,0,0,"Sufficient","2020-02-12"
"Adama City","White Teff (Quintal)",0,0,2800,2840,3100,3200,"Over","2020-02-13"
"Bahir Dar kebele 04","White Teff (Quintal)",0,0,3050,3250,3350,3500,"Sufficient","2020-02-13"
"Bonga","White Teff (Quintal)",0,0,3100,3200,3300,3400,"Sufficient","2020-02-15"
"Shire-Endaselassie","White Teff (Quintal)",0,0,3340,3380,3395,3580,"Sufficient","2020-02-15"
"Hawassa ","White Teff (Quintal)",0,0,2900,3500,3000,3600,"Sufficient","2020-02-17"
"Woldia Gebeya","White Teff (Quintal)",3036,3070.5,0,0,3105,3174,"Over","2020-02-18"
"Humera","White Teff (Quintal)",0,0,3400,3500,0,0,"Sufficient","2020-02-19"
"Adama City","White Teff (Quintal)",0,0,3100,3200,3250,3300,"Over","2020-02-20"
"Bahir Dar kebele 04","White Teff (Quintal)",0,0,3100,3250,3350,3550,"Sufficient","2020-02-20"
"Bonga","White Teff (Quintal)",0,0,3200,3300,3400,3500,"Sufficient","2020-02-22"
"Shire-Endaselassie","White Teff (Quintal)",0,0,3350,3385,3395,3468,"Sufficient","2020-02-22"
"Dilla","White Teff (Quintal)",0,0,3100,3200,3200,3300,"Sufficient","2020-02-22"
"Hawassa ","White Teff (Quintal)",0,0,2900,3500,3000,3600,"Sufficient","2020-02-24"
"Woldia Gebeya","White Teff (Quintal)",3036,3105,0,0,3139.5,3243,"Sufficient","2020-02-25"
"Humera","White Teff (Quintal)",0,0,3500,3600,0,0,"Sufficient","2020-02-26"
"Bahir Dar kebele 04","White Teff (Quintal)",0,0,3250,3400,3400,3650,"Sufficient","2020-02-27"
"Adama City","White Teff (Quintal)",0,0,3100,3200,3300,3400,"Sufficient","2020-02-28"
"Shire-Endaselassie","White Teff (Quintal)",0,0,3360,3400,3395,3468,"Sufficient","2020-02-29"
"Bonga","White Teff (Quintal)",0,0,3200,3300,3400,3500,"Sufficient","2020-02-29"
"Hawassa ","White Teff (Quintal)",0,0,3000,3500,3100,3700,"Sufficient","2020-03-02"
"Woldia Gebeya","White Teff (Quintal)",3036,3105,0,0,3140,3243,"Sufficient","2020-03-03"
"Humera","White Teff (Quintal)",0,0,3600,3700,0,0,"Sufficient","2020-03-04"
"Adama City","White Teff (Quintal)",0,0,3200,3300,3400,3450,"Over","2020-03-05"
"Bahir Dar kebele 04","White Teff (Quintal)",0,0,3300,3450,3450,3650,"Sufficient","2020-03-05"
"Shire-Endaselassie","White Teff (Quintal)",0,0,3560,3600,3584,3707,"Under","2020-03-07"
"Bonga","White Teff (Quintal)",0,0,3200,3300,3400,3500,"Sufficient","2020-03-07"
"Dilla","White Teff (Quintal)",0,0,3000,3200,3200,3300,"Sufficient","2020-03-07"
"Hawassa ","White Teff (Quintal)",0,0,3300,3600,3400,3800,"Under","2020-03-09"
"Woldia Gebeya","White Teff (Quintal)",2967,3036,0,0,3036,3243,"Sufficient","2020-03-10"
"Humera","White Teff (Quintal)",0,0,3600,3700,0,0,"Sufficient","2020-03-11"
"Adama City","White Teff (Quintal)",0,0,3200,3300,3400,3450,"Sufficient","2020-03-12"
"Bahir Dar kebele 04","White Teff (Quintal)",0,0,3350,3500,3500,3650,"Sufficient","2020-03-12"
"Adama City","White Teff (Quintal)",0,0,3200,3300,3400,3450,"Sufficient","2020-03-13"
"Bonga","White Teff (Quintal)",0,0,3200,3300,3400,3500,"Sufficient","2020-03-14"
"Dilla","White Teff (Quintal)",0,0,3000,3200,3200,3300,"Sufficient","2020-03-14"
"Shire-Endaselassie","White Teff (Quintal)",0,0,3600,3650,3584,3794,"Under","2020-03-14"
"Hawassa ","White Teff (Quintal)",0,0,3300,3600,3400,3800,"Under","2020-03-16"
"Woldia Gebeya","White Teff (Quintal)",3036,3105,0,0,3174,3312,"Sufficient","2020-03-17"
"Humera","White Teff (Quintal)",0,0,3700,3800,0,0,"Under","2020-03-18"
"Bahir Dar kebele 04","White Teff (Quintal)",0,0,3350,3500,3450,3600,"Sufficient","2020-03-19"
"Adama City","White Teff (Quintal)",0,0,3100,3200,3300,3400,"Sufficient","2020-03-19"
"Bonga","White Teff (Quintal)",0,0,3350,3400,3550,3650,"Sufficient","2020-03-21"
"Shire-Endaselassie","White Teff (Quintal)",0,0,3700,3800,3795,4032,"Under","2020-03-21"
"Dilla","White Teff (Quintal)",0,0,3200,3300,3200,3400,"Sufficient","2020-03-21"
"Hawassa ","White Teff (Quintal)",0,0,3300,3600,3400,3700,"Under","2020-03-23"
"Woldia Gebeya","White Teff (Quintal)",3105,3243,0,0,3312,3450,"Sufficient","2020-03-24"
"Humera","White Teff (Quintal)",0,0,3700,3800,0,0,"Sufficient","2020-03-25"
"Adama City","White Teff (Quintal)",0,0,3300,3350,3400,3500,"Sufficient","2020-03-26"
"Bahir Dar kebele 04","White Teff (Quintal)",0,0,3350,3550,3450,3650,"Under","2020-03-26"
"Bonga","White Teff (Quintal)",0,0,3500,3600,3700,3800,"Sufficient","2020-03-28"
"Shire-Endaselassie","White Teff (Quintal)",0,0,3800,4000,4000,4035,"Under","2020-03-28"
"Hawassa ","White Teff (Quintal)",0,0,3400,3600,3500,3700,"Under","2020-03-30"
"Humera","White Teff (Quintal)",0,0,3750,3800,0,0,"Sufficient","2020-04-01"
"Bonga","White Teff (Quintal)",0,0,3700,3800,3900,4000,"Sufficient","2020-04-04"
"Shire-Endaselassie","White Teff (Quintal)",0,0,3950,4000,4020,4035,"Under","2020-04-04"
"Hawassa ","White Teff (Quintal)",0,0,3300,3600,3400,3800,"Under","2020-04-06"
"Humera","White Teff (Quintal)",0,0,4000,4100,0,0,"Under","2020-04-08"
"Adama City","White Teff (Quintal)",0,0,0,0,3500,3600,"Under","2020-04-09"
"Bonga","White Teff (Quintal)",0,0,3400,3500,3600,3700,"Sufficient","2020-04-11"
"Shire-Endaselassie","White Teff (Quintal)",0,0,3980,4000,4100,4120,"Under","2020-04-11"
"Hawassa ","White Teff (Quintal)",0,0,3200,3700,3300,3900,"Under","2020-04-13"
"Humera","White Teff (Quintal)",0,0,3900,4000,0,0,"Under","2020-04-15"
"Adama City","White Teff (Quintal)",0,0,0,0,3300,3400,"Under","2020-04-16"
"Bonga","White Teff (Quintal)",0,0,3750,3800,3900,4000,"Sufficient","2020-04-18"
"Shire-Endaselassie","White Teff (Quintal)",0,0,3900,4000,4090,4100,"Under","2020-04-18"
"Hawassa ","White Teff (Quintal)",0,0,3300,3700,3400,3800,"Under","2020-04-20"
"Humera","White Teff (Quintal)",0,0,3900,3900,0,0,"Sufficient","2020-04-22"
"Bonga","White Teff (Quintal)",0,0,3600,3700,3800,3900,"Sufficient","2020-04-25"
"Shire-Endaselassie","White Teff (Quintal)",0,0,4000,4060,4120,4300,"Under","2020-04-25"
"Hawassa ","White Teff (Quintal)",0,0,3400,3700,3500,3900,"Under","2020-04-27"
"Humera","White Teff (Quintal)",0,0,3900,4000,0,0,"Sufficient","2020-04-29"
"Bahir Dar kebele 04","White Teff (Quintal)",0,0,0,0,3700,3900,"Under","2020-04-30"
"Adama City","White Teff (Quintal)",0,0,0,0,3700,3800,"Under","2020-04-30"
"Bonga","White Teff (Quintal)",0,0,2900,3000,3100,3200,"Sufficient","2020-05-02"
"Shire-Endaselassie","White Teff (Quintal)",0,0,4100,4250,4300,4510,"Under","2020-05-02"
"Hawassa ","White Teff (Quintal)",0,0,3300,3700,3400,3900,"Sufficient","2020-05-04"
"Humera","White Teff (Quintal)",0,0,3900,4000,0,0,"Sufficient","2020-05-06"
"Bahir Dar kebele 04","White Teff (Quintal)",0,0,0,0,3750,3900,"Under","2020-05-07"
"Adama City","White Teff (Quintal)",0,0,0,0,3700,3800,"Under","2020-05-07"
"Bonga","White Teff (Quintal)",0,0,3600,3700,3800,3900,"Sufficient","2020-05-09"
"Shire-Endaselassie","White Teff (Quintal)",0,0,4150,4200,4330,4550,"Under","2020-05-09"
"Hawassa ","White Teff (Quintal)",0,0,3300,3800,3500,3900,"Sufficient","2020-05-11"
"Woldia Gebeya","White Teff (Quintal)",3243,3312,0,0,3312,3381,"Under","2020-05-12"
"Humera","White Teff (Quintal)",0,0,3900,4000,0,0,"Sufficient","2020-05-13"
"Adama City","White Teff (Quintal)",0,0,0,0,3800,3900,"Sufficient","2020-05-14"
"Bahir Dar kebele 04","White Teff (Quintal)",0,0,3650,3800,3800,4000,"Sufficient","2020-05-14"
"Dilla","White Teff (Quintal)",0,0,3600,3800,3600,3900,"Sufficient","2020-05-16"
"Bonga","White Teff (Quintal)",0,0,3700,3800,3900,4000,"Sufficient","2020-05-16"
"Shire-Endaselassie","White Teff (Quintal)",0,0,4145,4190,4360,4450,"Under","2020-05-16"
"Hawassa ","White Teff (Quintal)",0,0,3500,4000,3700,4100,"Under","2020-05-18"
"Woldia Gebeya","White Teff (Quintal)",3174,3312,0,0,3312,3450,"Sufficient","2020-05-19"
"Humera","White Teff (Quintal)",0,0,4100,4200,0,0,"Sufficient","2020-05-20"
"Adama City","White Teff (Quintal)",0,0,0,0,3900,4000,"Under","2020-05-21"
"Bahir Dar kebele 04","White Teff (Quintal)",0,0,3650,3750,3800,4000,"Sufficient","2020-05-21"
"Shire-Endaselassie","White Teff (Quintal)",0,0,4180,4200,4300,4420,"Under","2020-05-23"
"Dilla","White Teff (Quintal)",0,0,3600,3800,3600,3900,"Sufficient","2020-05-23"
"Bonga","White Teff (Quintal)",0,0,3700,3800,3900,4000,"Sufficient","2020-05-23"
"Hawassa ","White Teff (Quintal)",0,0,3700,4100,3800,4200,"Under","2020-05-25"
"Woldia Gebeya","White Teff (Quintal)",3174,3312,0,0,3312,3450,"Sufficient","2020-05-26"
"Humera","White Teff (Quintal)",0,0,4000,4100,0,0,"Sufficient","2020-05-27"
"Bahir Dar kebele 04","White Teff (Quintal)",0,0,3650,3750,3750,3900,"Sufficient","2020-05-28"
"Adama City","White Teff (Quintal)",0,0,0,0,4100,4200,"Under","2020-05-28"
"Dilla","White Teff (Quintal)",0,0,3600,3800,3700,3900,"Sufficient","2020-05-30"
"Shire-Endaselassie","White Teff (Quintal)",0,0,4165,4200,4345,4395,"Under","2020-05-30"
"Bonga","White Teff (Quintal)",0,0,3700,3800,3900,4000,"Sufficient","2020-05-30"
"Hawassa ","White Teff (Quintal)",0,0,3700,4100,3800,4200,"Sufficient","2020-05-31"
"Woldia Gebeya","White Teff (Quintal)",3312,3381,0,0,3450,3588,"Over","2020-06-02"
"Humera","White Teff (Quintal)",0,0,4100,4200,0,0,"Sufficient","2020-06-03"
"Adama City","White Teff (Quintal)",0,0,0,0,4100,4200,"Under","2020-06-04"
"Bahir Dar kebele 04","White Teff (Quintal)",0,0,3700,3800,3750,4000,"Sufficient","2020-06-04"
"Bonga","White Teff (Quintal)",0,0,3700,3800,3900,4000,"Sufficient","2020-06-06"
"Shire-Endaselassie","White Teff (Quintal)",0,0,4190,4200,4385,4460,"Under","2020-06-06"
"Dilla","White Teff (Quintal)",0,0,3400,3700,3900,3800,"Sufficient","2020-06-06"
"Hawassa ","White Teff (Quintal)",0,0,3700,4100,3800,4200,"Sufficient","2020-06-08"
"Humera","White Teff (Quintal)",0,0,4100,4200,0,0,"Sufficient","2020-06-10"
"Bahir Dar kebele 04","White Teff (Quintal)",0,0,3700,3850,3800,4000,"Sufficient","2020-06-11"
"Adama City","White Teff (Quintal)",0,0,3600,3700,3800,3900,"Sufficient","2020-06-11"
"Dilla","White Teff (Quintal)",0,0,3400,3700,3700,3800,"Sufficient","2020-06-13"
"Bonga","White Teff (Quintal)",0,0,3750,3800,3900,4000,"Sufficient","2020-06-13"
"Shire-Endaselassie","White Teff (Quintal)",0,0,4100,4150,4300,4370,"Under","2020-06-13"
"Hawassa ","White Teff (Quintal)",0,0,3700,4100,3800,4200,"Sufficient","2020-06-15"
"Woldia Gebeya","White Teff (Quintal)",3450,3588,0,0,3588,3726,"Sufficient","2020-06-16"
"Humera","White Teff (Quintal)",0,0,4100,4200,0,0,"Sufficient","2020-06-17"
"Bahir Dar kebele 04","White Teff (Quintal)",0,0,3700,3800,3750,4000,"Sufficient","2020-06-18"
"Adama City","White Teff (Quintal)",0,0,3800,3900,4000,4100,"Sufficient","2020-06-18"
"Bonga","White Teff (Quintal)",0,0,3700,3800,3900,4000,"Sufficient","2020-06-20"
"Shire-Endaselassie","White Teff (Quintal)",0,0,4100,4200,4290,4300,"Under","2020-06-20"
"Dilla","White Teff (Quintal)",0,0,3400,3700,3700,3800,"Sufficient","2020-06-20"
"Humera","White Teff (Quintal)",0,0,4100,4200,0,0,"Sufficient","2020-06-24"
"Adama City","White Teff (Quintal)",0,0,3700,3750,3800,3900,"Sufficient","2020-06-25"
"Bahir Dar kebele 04","White Teff (Quintal)",0,0,0,0,3900,4100,"Sufficient","2020-06-25"
"Bonga","White Teff (Quintal)",0,0,3700,3800,3900,4000,"Sufficient","2020-06-27"
"Shire-Endaselassie","White Teff (Quintal)",0,0,4150,4200,4200,4280,"Under","2020-06-27"
"Dilla","White Teff (Quintal)",0,0,3400,3700,3700,3800,"Sufficient","2020-06-27"
"Woldia Gebeya","White Teff (Quintal)",3381,3519,0,0,3450,3657,"Over","2020-06-30"
"Humera","White Teff (Quintal)",0,0,4200,4400,0,0,"Under","2020-07-01"
"Bahir Dar kebele 04","White Teff (Quintal)",0,0,3800,4000,4000,4200,"Sufficient","2020-07-02"
"Bonga","White Teff (Quintal)",0,0,3750,3800,3900,4000,"Sufficient","2020-07-04"
"Dilla","White Teff (Quintal)",0,0,3400,3700,3700,3800,"Sufficient","2020-07-04"
"Shire-Endaselassie","White Teff (Quintal)",0,0,4200,4260,4300,4420,"Under","2020-07-04"
"Hawassa ","White Teff (Quintal)",0,0,3700,4200,3800,4300,"Sufficient","2020-07-06"
"Hawassa ","White Teff (Quintal)",0,0,3700,4200,3800,4300,"Sufficient","2020-07-06"
"Woldia Gebeya","White Teff (Quintal)",3243,3381,0,0,3450,3588,"Over","2020-07-07"
"Humera","White Teff (Quintal)",0,0,4300,4500,0,0,"Sufficient","2020-07-08"
"Adama City","White Teff (Quintal)",0,0,0,0,3900,4000,"Sufficient","2020-07-09"
"Bahir Dar kebele 04","White Teff (Quintal)",0,0,3800,4000,4000,4250,"Sufficient","2020-07-09"
"Shire-Endaselassie","White Teff (Quintal)",0,0,4220,4260,4320,4375,"Under","2020-07-11"
"Woldia Gebeya","White Teff (Quintal)",3312,3450,0,0,3381,3519,"Over","2020-07-14"
"Humera","White Teff (Quintal)",0,0,4400,4500,0,0,"Sufficient","2020-07-15"
"Adama City","White Teff (Quintal)",0,0,0,0,3900,4100,"Sufficient","2020-07-16"
"Bahir Dar kebele 04","White Teff (Quintal)",0,0,3800,3840,4100,4300,"Sufficient","2020-07-16"
"Shire-Endaselassie","White Teff (Quintal)",0,0,4230,4260,4350,4360,"Under","2020-07-18"
"Woldia Gebeya","White Teff (Quintal)",3243,3381,0,0,3381,3519,"Over","2020-07-21"
"Humera","White Teff (Quintal)",0,0,4300,4500,0,0,"Sufficient","2020-07-22"
"Bahir Dar kebele 04","White Teff (Quintal)",0,0,3800,4000,4100,4350,"Sufficient","2020-07-23"
"Adama City","White Teff (Quintal)",0,0,3600,3700,3800,3900,"Under","2020-07-23"
"Dilla","White Teff (Quintal)",0,0,3700,3800,3700,3850,"Sufficient","2020-07-25"
"Bonga","White Teff (Quintal)",0,0,3900,4000,4100,4200,"Sufficient","2020-07-25"
"Shire-Endaselassie","White Teff (Quintal)",0,0,4200,4260,4360,4380,"Under","2020-07-25"
"Hawassa ","White Teff (Quintal)",0,0,3800,4300,3900,4400,"Sufficient","2020-07-27"
"Woldia Gebeya","White Teff (Quintal)",3243,3381,0,0,3450,3588,"Over","2020-07-28"
"Humera","White Teff (Quintal)",0,0,4500,4600,0,0,"Sufficient","2020-07-29"
"Bahir Dar kebele 04","White Teff (Quintal)",0,0,3800,4000,4100,4400,"Sufficient","2020-07-30"
"Adama City","White Teff (Quintal)",0,0,3700,3800,3900,4000,"Sufficient","2020-07-30"
"Bonga","White Teff (Quintal)",0,0,3300,3400,3500,3600,"Sufficient","2020-08-01"
"Shire-Endaselassie","White Teff (Quintal)",0,0,4245,4300,4375,4380,"Under","2020-08-01"
"Hawassa ","White Teff (Quintal)",0,0,3800,4300,3900,4400,"Sufficient","2020-08-03"
"Woldia Gebeya","White Teff (Quintal)",3312,3450,0,0,3519,3657,"Under","2020-08-04"
"Humera","White Teff (Quintal)",0,0,4400,4500,0,0,"Sufficient","2020-08-05"
"Adama City","White Teff (Quintal)",0,0,3700,3800,3900,4000,"Under","2020-08-06"
"Bahir Dar kebele 04","White Teff (Quintal)",0,0,0,0,4300,4500,"Sufficient","2020-08-06"
"Bonga","White Teff (Quintal)",0,0,4000,4100,4200,4300,"Sufficient","2020-08-08"
"Shire-Endaselassie","White Teff (Quintal)",0,0,4360,4400,4385,4420,"Under","2020-08-08"
"Hawassa ","White Teff (Quintal)",0,0,3900,4400,4000,4500,"Sufficient","2020-08-10"
"Woldia Gebeya","White Teff (Quintal)",3312,3450,0,0,3519,3657,"Over","2020-08-11"
"Humera","White Teff (Quintal)",0,0,4200,4500,0,0,"Sufficient","2020-08-12"
"Adama City","White Teff (Quintal)",0,0,3700,3800,3900,4000,"Sufficient","2020-08-13"
"Bahir Dar kebele 04","White Teff (Quintal)",0,0,0,0,4400,4600,"Sufficient","2020-08-13"
"Bonga","White Teff (Quintal)",0,0,4000,4100,4200,4300,"Sufficient","2020-08-15"
"Shire-Endaselassie","White Teff (Quintal)",0,0,4320,4385,4380,4400,"Under","2020-08-15"
"Dilla","White Teff (Quintal)",0,0,3700,3800,3700,3850,"Sufficient","2020-08-15"
"Hawassa ","White Teff (Quintal)",0,0,3900,4400,4000,4500,"Sufficient","2020-08-17"
"Woldia Gebeya","White Teff (Quintal)",3456,3600,0,0,3672,3816,"Over","2020-08-18"
"Humera","White Teff (Quintal)",0,0,4500,4600,0,0,"Under","2020-08-19"
"Adama City","White Teff (Quintal)",0,0,3900,4000,4100,4200,"Sufficient","2020-08-20"
"Bahir Dar kebele 04","White Teff (Quintal)",0,0,0,0,4450,4650,"Sufficient","2020-08-20"
"Bonga","White Teff (Quintal)",0,0,4200,4300,4400,4500,"Sufficient","2020-08-22"
"Shire-Endaselassie","White Teff (Quintal)",0,0,4350,4400,4400,4430,"Under","2020-08-22"
"Dilla","White Teff (Quintal)",0,0,3700,4000,4000,4100,"Sufficient","2020-08-22"
"Hawassa ","White Teff (Quintal)",0,0,3900,4400,4000,4500,"Sufficient","2020-08-24"
"Woldia Gebeya","White Teff (Quintal)",3456,3600,0,0,3672,3816,"Sufficient","2020-08-25"
"Humera","White Teff (Quintal)",0,0,4300,4600,0,0,"Under","2020-08-26"
"Adama City","White Teff (Quintal)",0,0,3700,3800,3900,4000,"Sufficient","2020-08-27"
"Bahir Dar kebele 04","White Teff (Quintal)",0,0,0,0,4450,4650,"Sufficient","2020-08-27"
"Bonga","White Teff (Quintal)",0,0,4200,4300,4400,4500,"Sufficient","2020-08-29"
"Shire-Endaselassie","White Teff (Quintal)",0,0,4400,4430,4450,4475,"Under","2020-08-29"
"Dilla","White Teff (Quintal)",0,0,3700,4000,4000,4100,"Sufficient","2020-08-29"
"Woldia Gebeya","White Teff (Quintal)",3528,3672,0,0,3672,3816,"Sufficient","2020-09-01"
"Humera","White Teff (Quintal)",0,0,4500,4600,0,0,"Sufficient","2020-09-02"
"Bahir Dar kebele 04","White Teff (Quintal)",0,0,0,0,4450,4650,"Sufficient","2020-09-03"
"Adama City","White Teff (Quintal)",0,0,4100,4200,4300,4400,"Sufficient","2020-09-03"
"Bonga","White Teff (Quintal)",0,0,4200,4300,4400,4500,"Sufficient","2020-09-05"
"Shire-Endaselassie","White Teff (Quintal)",0,0,4425,4450,4480,4550,"Under","2020-09-05"
"Dilla","White Teff (Quintal)",0,0,4000,4100,4200,4300,"Sufficient","2020-09-05"
"Hawassa ","White Teff (Quintal)",0,0,3900,4400,4000,4500,"Sufficient","2020-09-07"
"Woldia Gebeya","White Teff (Quintal)",3456,3600,0,0,3672,3816,"Sufficient","2020-09-08"
"Humera","White Teff (Quintal)",0,0,4500,4600,0,0,"Sufficient","2020-09-09"
"Adama City","White Teff (Quintal)",0,0,4100,4200,4300,4400,"Sufficient","2020-09-10"
"Bahir Dar kebele 04","White Teff (Quintal)",0,0,0,0,4500,4700,"Sufficient","2020-09-10"
"Bahir Dar kebele 04","White Teff (Quintal)",0,0,0,0,4500,4700,"Sufficient","2020-09-10"
"Shire-Endaselassie","White Teff (Quintal)",0,0,4435,4460,4530,4550,"Under","2020-09-12"
"Woldia Gebeya","White Teff (Quintal)",3528,3672,0,0,3672,3816,"Over","2020-09-15"
"Humera","White Teff (Quintal)",0,0,4400,4500,0,0,"Under","2020-09-16"
"Bahir Dar kebele 04","White Teff (Quintal)",0,0,0,0,4500,4700,"Sufficient","2020-09-17"
"Adama City","White Teff (Quintal)",0,0,4100,4200,4300,4400,"Sufficient","2020-09-17"
"Bonga","White Teff (Quintal)",0,0,4200,4300,4450,4500,"Sufficient","2020-09-19"
"Dilla","White Teff (Quintal)",0,0,4000,4200,4100,4300,"Sufficient","2020-09-19"
"Shire-Endaselassie","White Teff (Quintal)",0,0,4450,4480,4550,4570,"Under","2020-09-19"
"Hawassa ","White Teff (Quintal)",0,0,3900,4400,4000,4500,"Sufficient","2020-09-21"
"Woldia Gebeya","White Teff (Quintal)",3456,3600,0,0,3672,3816,"Sufficient","2020-09-22"
"Humera","White Teff (Quintal)",0,0,4500,4600,0,0,"Under","2020-09-23"
"Adama City","White Teff (Quintal)",0,0,4000,4100,4200,4300,"Sufficient","2020-09-24"
"Bahir Dar kebele 04","White Teff (Quintal)",0,0,0,0,4450,4650,"Sufficient","2020-09-24"
"Bonga","White Teff (Quintal)",0,0,4200,4300,4400,4500,"Sufficient","2020-09-26"
"Dilla","White Teff (Quintal)",0,0,4000,4200,4000,4300,"Sufficient","2020-09-26"
"Shire-Endaselassie","White Teff (Quintal)",0,0,4450,4470,4530,4550,"Under","2020-09-26"
"Woldia Gebeya","White Teff (Quintal)",3540,3644,3600,3744,3744,3816,"Sufficient","2020-09-29"
"Humera","White Teff (Quintal)",0,0,4500,4600,0,0,"Under","2020-09-30"
"Adama City","White Teff (Quintal)",0,0,4200,4300,4350,4400,"Sufficient","2020-10-01"
"Bahir Dar kebele 04","White Teff (Quintal)",0,0,0,0,4400,4650,"Sufficient","2020-10-01"
"Bonga","White Teff (Quintal)",0,0,4200,4300,4400,4500,"Sufficient","2020-10-03"
"Shire-Endaselassie","White Teff (Quintal)",0,0,4455,4480,4510,4540,"Under","2020-10-03"
"Woldia Gebeya","White Teff (Quintal)",3600,3672,0,0,3744,3816,"Sufficient","2020-10-06"
"Humera","White Teff (Quintal)",0,0,4500,4600,0,0,"Under","2020-10-07"
"Adama City","White Teff (Quintal)",0,0,3900,4000,4100,4200,"Under","2020-10-08"
"Bahir Dar kebele 04","White Teff (Quintal)",0,0,0,0,4400,4600,"Sufficient","2020-10-08"
"Bonga","White Teff (Quintal)",0,0,4200,4300,4400,4500,"Sufficient","2020-10-10"
"Shire-Endaselassie","White Teff (Quintal)",0,0,4450,4460,4500,4530,"Under","2020-10-10"
"Dilla","White Teff (Quintal)",0,0,4000,4100,4100,4200,"Sufficient","2020-10-10"
"Woldia Gebeya","White Teff (Quintal)",4032,4104,0,0,4104,4176,"Under","2020-10-13"
"Humera","White Teff (Quintal)",0,0,4500,4600,0,0,"Sufficient","2020-10-14"
"Adama City","White Teff (Quintal)",0,0,3900,4000,4100,4200,"Sufficient","2020-10-15"
"Bahir Dar kebele 04","White Teff (Quintal)",0,0,0,0,4400,4600,"Sufficient","2020-10-15"
"Bonga","White Teff (Quintal)",0,0,4200,4300,4400,4500,"Sufficient","2020-10-17"
"Shire-Endaselassie","White Teff (Quintal)",0,0,4450,4470,4500,4550,"Under","2020-10-17"
"Woldia Gebeya","White Teff (Quintal)",4320,4392,0,0,4464,4536,"Sufficient","2020-10-20"
"Humera","White Teff (Quintal)",0,0,4500,4600,0,0,"Sufficient","2020-10-21"
"Adama City","White Teff (Quintal)",0,0,3800,3900,4000,4100,"Over","2020-10-22"
"Bahir Dar kebele 04","White Teff (Quintal)",0,0,0,0,4400,4600,"Sufficient","2020-10-22"
"Bonga","White Teff (Quintal)",0,0,4200,4300,4400,4500,"Sufficient","2020-10-24"
"Shire-Endaselassie","White Teff (Quintal)",0,0,4425,4450,4480,4525,"Under","2020-10-24"
"Hawassa ","White Teff (Quintal)",0,0,4000,4500,4100,4600,"Sufficient","2020-10-26"
"Woldia Gebeya","White Teff (Quintal)",3672,3744,0,0,3816,3960,"Sufficient","2020-10-27"
"Humera","White Teff (Quintal)",0,0,4500,4600,0,0,"Sufficient","2020-10-28"
"Adama City","White Teff (Quintal)",0,0,4000,4100,4200,4300,"Sufficient","2020-10-29"
"Bahir Dar kebele 04","White Teff (Quintal)",0,0,0,0,4450,4600,"Sufficient","2020-10-29"
"Bonga","White Teff (Quintal)",0,0,4200,4300,4400,4500,"Sufficient","2020-10-31"
"Shire-Endaselassie","White Teff (Quintal)",0,0,4410,4450,4460,4500,"Under","2020-10-31"
"Dilla","White Teff (Quintal)",0,0,4000,4100,4200,4300,"Sufficient","2020-10-31"
"Hawassa ","White Teff (Quintal)",0,0,4000,4500,4100,4600,"Sufficient","2020-11-02"
"Woldia Gebeya","White Teff (Quintal)",3672,3744,0,0,3744,3816,"Sufficient","2020-11-03"
"Bahir Dar kebele 04","White Teff (Quintal)",0,0,4200,4350,4350,4580,"Sufficient","2020-11-05"
"Adama City","White Teff (Quintal)",0,0,4000,4100,4200,4300,"Over","2020-11-05"
"Bonga","White Teff (Quintal)",0,0,4200,4300,4400,4500,"Sufficient","2020-11-07"
"Dilla","White Teff (Quintal)",0,0,4000,4100,4100,4200,"Sufficient","2020-11-07"
"Hawassa ","White Teff (Quintal)",0,0,4000,4500,4100,4600,"Sufficient","2020-11-09"
"Woldia Gebeya","White Teff (Quintal)",3744,3888,0,0,3888,3960,"Sufficient","2020-11-10"
"Bahir Dar kebele 04","White Teff (Quintal)",0,0,4200,4300,4450,4600,"Sufficient","2020-11-12"
"Adama City","White Teff (Quintal)",0,0,4000,4100,4200,4300,"Sufficient","2020-11-12"
"Bonga","White Teff (Quintal)",0,0,4200,4300,4400,4500,"Sufficient","2020-11-14"
"Dilla","White Teff (Quintal)",0,0,3800,4100,4100,4200,"Sufficient","2020-11-14"
"Hawassa ","White Teff (Quintal)",0,0,4000,4600,4100,4700,"Sufficient","2020-11-16"
"Woldia Gebeya","White Teff (Quintal)",3672,3816,0,0,3816,3888,"Sufficient","2020-11-17"
"Adama City","White Teff (Quintal)",0,0,4000,4100,4200,4300,"Sufficient","2020-11-19"
"Bahir Dar kebele 04","White Teff (Quintal)",0,0,4200,4350,4400,4600,"Sufficient","2020-11-19"
"Bonga","White Teff (Quintal)",0,0,4200,4300,4400,4500,"Sufficient","2020-11-21"
"Dilla","White Teff (Quintal)",0,0,3850,4050,4200,4300,"Sufficient","2020-11-21"
"Hawassa ","White Teff (Quintal)",0,0,4000,4500,4100,4600,"Sufficient","2020-11-23"
"Woldia Gebeya","White Teff (Quintal)",3600,3744,0,0,3744,3816,"Sufficient","2020-11-24"
"Bahir Dar kebele 04","White Teff (Quintal)",0,0,4350,4450,4400,4500,"Sufficient","2020-11-26"
"Bonga","White Teff (Quintal)",0,0,3700,3800,4300,4400,"Sufficient","2020-11-28"
"Dilla","White Teff (Quintal)",0,0,3850,4050,4100,4200,"Sufficient","2020-11-28"
"Hawassa ","White Teff (Quintal)",0,0,4000,4500,4100,4600,"Sufficient","2020-11-30"
"Woldia Gebeya","White Teff (Quintal)",3528,3600,0,0,3672,3744,"Over","2020-12-01"
"Bahir Dar kebele 04","White Teff (Quintal)",0,0,4000,4300,4200,4500,"Sufficient","2020-12-03"
"Adama City","White Teff (Quintal)",0,0,4000,4100,4200,4300,"Sufficient","2020-12-03"
"Bonga","White Teff (Quintal)",0,0,3700,3800,4300,4400,"Sufficient","2020-12-05"
"Dilla","White Teff (Quintal)",0,0,3850,4050,4100,4200,"Sufficient","2020-12-05"
"Hawassa ","White Teff (Quintal)",0,0,4000,4500,4100,4600,"Sufficient","2020-12-07"
"Woldia Gebeya","White Teff (Quintal)",3600,3672,0,0,3744,3816,"Sufficient","2020-12-08"
"Bahir Dar kebele 04","White Teff (Quintal)",0,0,4100,4300,4250,4400,"Sufficient","2020-12-10"
"Adama City","White Teff (Quintal)",0,0,3900,4000,4100,4200,"Sufficient","2020-12-10"
"Bonga","White Teff (Quintal)",0,0,3700,3800,4300,4400,"Sufficient","2020-12-12"
"Dilla","White Teff (Quintal)",0,0,3800,4050,4200,4100,"Sufficient","2020-12-12"
"Hawassa ","White Teff (Quintal)",0,0,4000,4500,4100,4600,"Sufficient","2020-12-14"
"Woldia Gebeya","White Teff (Quintal)",3600,3672,0,0,3672,3816,"Sufficient","2020-12-15"
"Bahir Dar kebele 04","White Teff (Quintal)",0,0,4200,4300,4350,4500,"Sufficient","2020-12-17"
"Bonga","White Teff (Quintal)",0,0,3700,3800,4200,4300,"Sufficient","2020-12-19"
"Dilla","White Teff (Quintal)",0,0,3800,4050,4000,4100,"Sufficient","2020-12-19"
"Hawassa ","White Teff (Quintal)",0,0,4000,4500,4100,4600,"Sufficient","2020-12-21"
"Woldia Gebeya","White Teff (Quintal)",3816,3888,0,0,3888,4032,"Sufficient","2020-12-22"
"Bahir Dar kebele 04","White Teff (Quintal)",0,0,4000,4200,4400,4500,"Sufficient","2020-12-24"
"Bahir Dar kebele 04","White Teff (Quintal)",0,0,4000,4200,4400,4500,"Sufficient","2020-12-24"
"Bahir Dar kebele 04","White Teff (Quintal)",0,0,4000,4200,4400,4500,"Sufficient","2020-12-24"
"Adama City","White Teff (Quintal)",0,0,4100,4150,4200,4300,"Sufficient","2020-12-24"
"Bonga","White Teff (Quintal)",0,0,3700,3800,4200,4300,"Sufficient","2020-12-26"
"Dilla","White Teff (Quintal)",0,0,3800,4100,4200,4300,"Sufficient","2020-12-26"
"Hawassa ","White Teff (Quintal)",0,0,4000,4500,4100,4600,"Sufficient","2020-12-28"
"Woldia Gebeya","White Teff (Quintal)",3816,3888,0,0,3888,4032,"Sufficient","2020-12-29"
"Adama City","White Teff (Quintal)",0,0,4000,4100,4200,4300,"Over","2020-12-31"
"Bahir Dar kebele 04","White Teff (Quintal)",0,0,0,0,4250,4450,"Sufficient","2020-12-31"
"Dilla","White Teff (Quintal)",0,0,3800,4150,4200,4300,"Sufficient","2021-01-02"
"Hawassa ","White Teff (Quintal)",0,0,4000,4500,4100,4600,"Sufficient","2021-01-04"
"Woldia Gebeya","White Teff (Quintal)",3816,3888,0,0,3960,4032,"Sufficient","2021-01-05"
"Hawassa ","White Teff (Quintal)",0,0,4000,4500,4100,4600,"Sufficient","2021-01-11"
"Woldia Gebeya","White Teff (Quintal)",3795,3864,0,0,3864,3933,"Sufficient","2021-01-12"
"Adama City","White Teff (Quintal)",0,0,4000,4100,4200,4300,"Over","2021-01-14"
"Bahir Dar kebele 04","White Teff (Quintal)",0,0,4000,4200,4300,4500,"Sufficient","2021-01-14"
"Bonga","White Teff (Quintal)",0,0,4000,4100,4300,4400,"Sufficient","2021-01-16"
"Dilla","White Teff (Quintal)",0,0,4000,4200,4200,4300,"Sufficient","2021-01-16"
"Bahir Dar kebele 04","White Teff (Quintal)",0,0,4100,4250,4300,4450,"Sufficient","2021-01-21"
"Adama City","White Teff (Quintal)",0,0,4050,4100,4200,4300,"Sufficient","2021-01-21"
"Dilla","White Teff (Quintal)",0,0,4000,4200,4200,4300,"Sufficient","2021-01-23"
"Woldia Gebeya","White Teff (Quintal)",3795,3864,0,0,3864,4002,"Sufficient","2021-01-26"
"Bahir Dar kebele 04","White Teff (Quintal)",0,0,4150,4250,4300,4500,"Sufficient","2021-01-28"
"Adama City","White Teff (Quintal)",0,0,4100,4200,4300,4400,"Sufficient","2021-01-28"
"Bonga","White Teff (Quintal)",0,0,4100,4200,4300,4400,"Sufficient","2021-01-30"
"Dilla","White Teff (Quintal)",0,0,4000,4200,4200,4300,"Sufficient","2021-01-30"
"Woldia Gebeya","White Teff (Quintal)",3795,3864,0,0,3864,4002,"Sufficient","2021-02-02"
"Adama City","White Teff (Quintal)",0,0,4100,4200,4250,4300,"Over","2021-02-04"
"Bahir Dar kebele 04","White Teff (Quintal)",0,0,4100,4200,4300,4500,"Sufficient","2021-02-04"
"Dilla","White Teff (Quintal)",0,0,4000,4200,4200,4300,"Sufficient","2021-02-06"
"Bonga","White Teff (Quintal)",0,0,4100,4200,4300,4400,"Sufficient","2021-02-06"
"Woldia Gebeya","White Teff (Quintal)",3795,3864,0,0,3864,4002,"Sufficient","2021-02-09"
"Bahir Dar kebele 04","White Teff (Quintal)",0,0,4200,4300,4350,4500,"Sufficient","2021-02-11"
"Adama City","White Teff (Quintal)",0,0,4100,4200,4300,4400,"Sufficient","2021-02-11"
"Bonga","White Teff (Quintal)",0,0,4200,4300,4400,4500,"Sufficient","2021-02-13"
"Dilla","White Teff (Quintal)",0,0,3900,4100,4100,4200,"Sufficient","2021-02-13"
"Woldia Gebeya","White Teff (Quintal)",3726,3760,0,0,3795,3864,"Over","2021-02-16"
"Adama City","White Teff (Quintal)",0,0,4100,4200,4300,4400,"Sufficient","2021-02-18"
"Bahir Dar kebele 04","White Teff (Quintal)",0,0,4150,4300,4300,4450,"Sufficient","2021-02-18"
"Bonga","White Teff (Quintal)",0,0,4200,4300,4400,4500,"Sufficient","2021-02-20"
"Dilla","White Teff (Quintal)",0,0,3900,4100,4100,4200,"Sufficient","2021-02-20"
"Woldia Gebeya","White Teff (Quintal)",3795,3864,0,0,3864,3933,"Sufficient","2021-02-23"
"Bahir Dar kebele 04","White Teff (Quintal)",0,0,4000,4200,4400,4550,"Sufficient","2021-02-25"
"Adama City","White Teff (Quintal)",0,0,4300,4400,4500,4600,"Over","2021-02-25"
"Bonga","White Teff (Quintal)",0,0,4200,4300,4400,4500,"Sufficient","2021-02-27"
"Dilla","White Teff (Quintal)",0,0,3900,4100,4200,4300,"Sufficient","2021-02-27"
"Adama City","White Teff (Quintal)",0,0,4300,4400,4500,4600,"Sufficient","2021-03-04"
"Bahir Dar kebele 04","White Teff (Quintal)",0,0,4200,4350,4400,4550,"Sufficient","2021-03-04"
"Dilla","White Teff (Quintal)",0,0,3900,4100,4200,4300,"Sufficient","2021-03-06"
"Bonga","White Teff (Quintal)",0,0,4200,4300,4400,4500,"Sufficient","2021-03-06"
"Hawassa ","White Teff (Quintal)",0,0,4200,4600,4300,4700,"Sufficient","2021-03-08"
"Woldia Gebeya","White Teff (Quintal)",3795,3864,0,0,3864,3933,"Sufficient","2021-03-09"
"Adama City","White Teff (Quintal)",0,0,4300,4400,4500,4600,"Sufficient","2021-03-11"
"Bonga","White Teff (Quintal)",0,0,4200,4300,4400,4500,"Sufficient","2021-03-13"
"Dilla","White Teff (Quintal)",0,0,3900,4100,4200,4300,"Sufficient","2021-03-13"
"Woldia Gebeya","White Teff (Quintal)",3795,3864,0,0,3864,4002,"Sufficient","2021-03-16"
"Adama City","White Teff (Quintal)",0,0,4300,4400,4500,4600,"Sufficient","2021-03-17"
"Bonga","White Teff (Quintal)",0,0,4200,4300,4400,4500,"Sufficient","2021-03-20"
"Dilla","White Teff (Quintal)",0,0,4100,4200,4200,4300,"Sufficient","2021-03-20"
"Woldia Gebeya","White Teff (Quintal)",4002,4140,0,0,4140,4278,"Under","2021-03-23"
"Adama City","White Teff (Quintal)",0,0,4300,4400,4500,4600,"Sufficient","2021-03-25"
"Bonga","White Teff (Quintal)",0,0,4200,4300,4400,4500,"Sufficient","2021-03-27"
"Dilla","White Teff (Quintal)",0,0,4100,4300,4300,4600,"Sufficient","2021-03-27"
"Woldia Gebeya","White Teff (Quintal)",4140,4209,0,0,4278,4416,"Under","2021-03-30"
"Adama City","White Teff (Quintal)",0,0,4400,4500,4600,4700,"Sufficient","2021-04-01"
"Bahir Dar kebele 04","White Teff (Quintal)",0,0,0,0,3950,4200,"Under","2021-04-01"
"Bahir Dar kebele 04","White Teff (Quintal)",0,0,0,0,3950,4200,"Under","2021-04-01"
"Bonga","White Teff (Quintal)",0,0,4200,4300,4400,4500,"Sufficient","2021-04-03"
"Dilla","White Teff (Quintal)",0,0,4300,4500,4400,4600,"Sufficient","2021-04-03"
"Woldia Gebeya","White Teff (Quintal)",4140,4278,0,0,4347,4485,"Under","2021-04-06"
"Adama City","White Teff (Quintal)",0,0,4300,4400,4500,4600,"Over","2021-04-08"
"Bahir Dar kebele 04","White Teff (Quintal)",0,0,0,0,4000,4300,"Under","2021-04-08"
"Bonga","White Teff (Quintal)",0,0,4200,4300,4400,4500,"Sufficient","2021-04-10"
"Woldia Gebeya","White Teff (Quintal)",4347,4485,0,0,4554,4623,"Sufficient","2021-04-13"
"Bahir Dar kebele 04","White Teff (Quintal)",0,0,0,0,4100,4250,"Under","2021-04-15"
"Adama City","White Teff (Quintal)",0,0,4400,4500,4600,4700,"Sufficient","2021-04-15"
"Dilla","White Teff (Quintal)",0,0,4300,4500,4400,4600,"Sufficient","2021-04-17"
"Bonga","White Teff (Quintal)",0,0,4200,4300,4400,4500,"Sufficient","2021-04-17"
"Woldia Gebeya","White Teff (Quintal)",4347,4485,0,0,4554,4623,"Sufficient","2021-04-20"
"Adama City","White Teff (Quintal)",0,0,4500,4600,4700,4800,"Sufficient","2021-04-22"
"Bonga","White Teff (Quintal)",0,0,4200,4300,4400,4500,"Sufficient","2021-04-24"
"Dilla","White Teff (Quintal)",0,0,4300,4500,4500,4600,"Sufficient","2021-04-24"
"Woldia Gebeya","White Teff (Quintal)",4278,4347,0,0,4347,4485,"Sufficient","2021-04-27"
"Adama City","White Teff (Quintal)",0,0,4500,4600,4700,4800,"Sufficient","2021-04-29"
"Bahir Dar kebele 04","White Teff (Quintal)",0,0,0,0,4200,4500,"Under","2021-04-29"
"Dilla","White Teff (Quintal)",0,0,4300,4500,4500,4600,"Sufficient","2021-05-01"
"Woldia Gebeya","White Teff (Quintal)",4278,4347,0,0,4347,4485,"Sufficient","2021-05-04"
"Bahir Dar kebele 04","White Teff (Quintal)",0,0,0,0,4200,4500,"Sufficient","2021-05-06"
"Adama City","White Teff (Quintal)",0,0,4500,4600,4700,4800,"Sufficient","2021-05-06"
"Bonga","White Teff (Quintal)",0,0,4200,4300,4400,4500,"Sufficient","2021-05-08"
"Woldia Gebeya","White Teff (Quintal)",4347,4416,0,0,4416,4485,"Sufficient","2021-05-11"
"Bonga","White Teff (Quintal)",0,0,4200,4300,4400,4500,"Sufficient","2021-05-15"
"Dilla","White Teff (Quintal)",0,0,4300,4500,4500,4600,"Sufficient","2021-05-15"
"Woldia Gebeya","White Teff (Quintal)",4209,4347,0,0,4347,4416,"Over","2021-05-18"
"Adama City","White Teff (Quintal)",0,0,4500,4600,4700,4800,"Sufficient","2021-05-20"
"Bahir Dar kebele 04","White Teff (Quintal)",0,0,4400,4500,4500,4600,"Sufficient","2021-05-20"
"Bonga","White Teff (Quintal)",0,0,4200,4300,4400,4500,"Sufficient","2021-05-22"
"Dilla","White Teff (Quintal)",0,0,4300,4600,4500,4700,"Sufficient","2021-05-22"
"Woldia Gebeya","White Teff (Quintal)",4071,4209,0,0,4278,4416,"Sufficient","2021-05-25"
"Bahir Dar kebele 04","White Teff (Quintal)",0,0,4300,4400,4500,4600,"Sufficient","2021-05-27"
"Adama City","White Teff (Quintal)",0,0,4550,4600,4700,4800,"Sufficient","2021-05-27"
"Bonga","White Teff (Quintal)",0,0,4200,4300,4400,4500,"Sufficient","2021-05-29"
"Dilla","White Teff (Quintal)",0,0,4400,4600,4700,4800,"Sufficient","2021-05-29"
"Adama City","White Teff (Quintal)",0,0,4500,4600,4700,4800,"Sufficient","2021-06-03"
"Bahir Dar kebele 04","White Teff (Quintal)",0,0,4300,4400,4500,4600,"Sufficient","2021-06-03"
"Bonga","White Teff (Quintal)",0,0,4200,4300,4400,4500,"Sufficient","2021-06-05"
"Dilla","White Teff (Quintal)",0,0,4500,4600,4700,4800,"Sufficient","2021-06-05"
"Adama City","White Teff (Quintal)",0,0,4450,4500,4700,4800,"Sufficient","2021-06-09"
"Bahir Dar kebele 04","White Teff (Quintal)",0,0,4300,4450,4500,4700,"Sufficient","2021-06-10"
"Bonga","White Teff (Quintal)",0,0,4200,4300,4400,4500,"Sufficient","2021-06-12"
"Dilla","White Teff (Quintal)",0,0,4500,4600,4800,4900,"Sufficient","2021-06-12"
"Woldia Gebeya","White Teff (Quintal)",4140,4278,0,0,4347,4485,"Sufficient","2021-06-15"
"Adama City","White Teff (Quintal)",0,0,4700,4800,4900,5000,"Sufficient","2021-06-17"
"Bahir Dar kebele 04","White Teff (Quintal)",0,0,4400,4500,4600,4800,"Sufficient","2021-06-17"
"Bonga","White Teff (Quintal)",0,0,4300,4400,4500,4600,"Sufficient","2021-06-19"
"Dilla","White Teff (Quintal)",0,0,4200,4600,4600,4800,"Sufficient","2021-06-19"
"Woldia Gebeya","White Teff (Quintal)",4416,4485,0,0,4485,4554,"Sufficient","2021-06-22"
"Bahir Dar kebele 04","White Teff (Quintal)",0,0,4400,4500,4650,4800,"Sufficient","2021-06-24"
"Adama City","White Teff (Quintal)",0,0,4700,4800,4900,5000,"Sufficient","2021-06-24"
"Bonga","White Teff (Quintal)",0,0,4300,4400,4500,4600,"Sufficient","2021-06-26"
"Dilla","White Teff (Quintal)",0,0,4500,4600,4700,4800,"Sufficient","2021-06-26"
"Woldia Gebeya","White Teff (Quintal)",4485,4554,0,0,4554,4623,"Under","2021-06-29"
"Adama City","White Teff (Quintal)",0,0,4900,5000,5100,5200,"Sufficient","2021-07-01"
"Bahir Dar kebele 04","White Teff (Quintal)",0,0,4400,4500,4700,4900,"Sufficient","2021-07-01"
"Bonga","White Teff (Quintal)",0,0,4300,4400,4500,4600,"Sufficient","2021-07-03"
"Dilla","White Teff (Quintal)",0,0,4500,4700,4600,4800,"Sufficient","2021-07-03"
"Woldia Gebeya","White Teff (Quintal)",4485,4554,0,0,4554,4623,"Sufficient","2021-07-06"
"Adama City","White Teff (Quintal)",0,0,4900,5000,5100,5200,"Sufficient","2021-07-08"
"Bahir Dar kebele 04","White Teff (Quintal)",0,0,4400,4500,4600,4850,"Sufficient","2021-07-08"
"Bonga","White Teff (Quintal)",0,0,4300,4400,4500,4600,"Sufficient","2021-07-10"
"Dilla","White Teff (Quintal)",0,0,4450,5000,4600,5200,"Sufficient","2021-07-10"
"Adama City","White Teff (Quintal)",0,0,4700,4800,4900,5000,"Sufficient","2021-07-15"
"Bahir Dar kebele 04","White Teff (Quintal)",0,0,4400,4500,4650,4850,"Sufficient","2021-07-15"
"Bonga","White Teff (Quintal)",0,0,4400,4500,4600,4700,"Sufficient","2021-07-17"
"Dilla","White Teff (Quintal)",0,0,4800,4800,5000,5000,"Sufficient","2021-07-17"
"Woldia Gebeya","White Teff (Quintal)",4347,4416,0,0,4416,4485,"Sufficient","2021-07-20"
"Adama City","White Teff (Quintal)",0,0,4700,4800,4900,5000,"Sufficient","2021-07-22"
"Bahir Dar kebele 04","White Teff (Quintal)",0,0,4400,4500,4700,4900,"Sufficient","2021-07-22"
"Bonga","White Teff (Quintal)",0,0,4400,4500,4600,4700,"Sufficient","2021-07-24"
"Dilla","White Teff (Quintal)",0,0,4700,4900,4900,5000,"Sufficient","2021-07-24"
"Adama City","White Teff (Quintal)",0,0,4900,5000,5100,5200,"Sufficient","2021-07-29"
"Bahir Dar kebele 04","White Teff (Quintal)",0,0,4450,4550,4650,4900,"Sufficient","2021-07-29"
"Bonga","White Teff (Quintal)",0,0,4400,4500,4600,4700,"Sufficient","2021-07-31"
"Dilla","White Teff (Quintal)",0,0,4650,4800,4750,5000,"Sufficient","2021-07-31"
"Adama City","White Teff (Quintal)",0,0,4900,5000,5100,5200,"Sufficient","2021-08-05"
"Bahir Dar kebele 04","White Teff (Quintal)",0,0,4450,4550,4600,4850,"Sufficient","2021-08-05"
"Bonga","White Teff (Quintal)",0,0,4500,4600,4700,4800,"Sufficient","2021-08-07"
"Dilla","White Teff (Quintal)",0,0,4850,5050,5000,5200,"Sufficient","2021-08-07"
"Adama City","White Teff (Quintal)",0,0,5000,5100,5200,5300,"Sufficient","2021-08-12"
"Bahir Dar kebele 04","White Teff (Quintal)",0,0,0,0,4500,5000,"Under","2021-08-12"
"Adama City","White Teff (Quintal)",0,0,5000,5100,5200,5300,"Sufficient","2021-08-18"
"Bahir Dar kebele 04","White Teff (Quintal)",0,0,4950,5000,5200,5300,"Sufficient","2021-08-19"
"Bonga","White Teff (Quintal)",0,0,4700,4800,4900,5000,"Sufficient","2021-08-21"
"Adama City","White Teff (Quintal)",0,0,4900,5000,5100,5200,"Sufficient","2021-08-26"
"Bahir Dar kebele 04","White Teff (Quintal)",0,0,5000,5000,5200,5400,"Sufficient","2021-08-26"
"Bonga","White Teff (Quintal)",0,0,4200,4300,4400,4500,"Sufficient","2021-08-28"
"Bahir Dar kebele 04","White Teff (Quintal)",0,0,4800,5000,5400,5500,"Sufficient","2021-09-02"
"Bonga","White Teff (Quintal)",0,0,4700,4800,4900,5000,"Sufficient","2021-09-04"
"Bahir Dar kebele 04","White Teff (Quintal)",0,0,4600,4800,4700,5200,"Sufficient","2021-09-09"
"Bahir Dar kebele 04","White Teff (Quintal)",0,0,4500,4700,4700,5000,"Sufficient","2021-09-16"
"Bonga","White Teff (Quintal)",0,0,4700,4800,4900,5000,"Sufficient","2021-09-18"
"Adama City","White Teff (Quintal)",0,0,4700,4800,4900,5000,"Under","2021-09-23"
"Bahir Dar kebele 04","White Teff (Quintal)",0,0,4500,4700,4700,5000,"Sufficient","2021-09-23"
"Dilla","White Teff (Quintal)",0,0,4900,4900,5000,5000,"Sufficient","2021-09-25"
"Bonga","White Teff (Quintal)",0,0,4700,4800,4900,5000,"Sufficient","2021-09-25"
"Bahir Dar kebele 04","White Teff (Quintal)",0,0,4500,4750,4750,5000,"Sufficient","2021-09-30"
"Adama City","White Teff (Quintal)",0,0,4700,4800,4900,5000,"Sufficient","2021-09-30"
"Adama City","White Teff (Quintal)",0,0,4700,4800,4900,5000,"Sufficient","2021-10-07"
"Bahir Dar kebele 04","White Teff (Quintal)",0,0,4500,4700,4700,5000,"Sufficient","2021-10-07"
"Bonga","White Teff (Quintal)",0,0,4700,4800,4900,5000,"Under","2021-10-09"
"Adama City","White Teff (Quintal)",0,0,4700,4800,4900,5000,"Sufficient","2021-10-14"
"Bahir Dar kebele 04","White Teff (Quintal)",0,0,4200,4300,4500,4700,"Sufficient","2021-10-14"
"Bonga","White Teff (Quintal)",0,0,4700,4800,4900,5000,"Sufficient","2021-10-16"
"Adama City","White Teff (Quintal)",0,0,4700,4800,4900,5000,"Sufficient","2021-10-21"
"Bahir Dar kebele 04","White Teff (Quintal)",0,0,4300,4500,4500,4750,"Sufficient","2021-10-21"
"Dilla","White Teff (Quintal)",0,0,4450,4625,4600,4700,"Sufficient","2021-10-23"
"Bonga","White Teff (Quintal)",0,0,4700,4800,4900,5000,"Sufficient","2021-10-23"
"Adama City","White Teff (Quintal)",0,0,4400,4500,4600,4700,"Sufficient","2021-10-27"
"Bahir Dar kebele 04","White Teff (Quintal)",0,0,4100,4300,4500,4700,"Sufficient","2021-10-28"
"Dilla","White Teff (Quintal)",0,0,4000,4500,4500,4700,"Sufficient","2021-10-30"
"Bonga","White Teff (Quintal)",0,0,4400,4500,4600,4700,"Sufficient","2021-10-30"
"Adama City","White Teff (Quintal)",0,0,4200,4300,4400,4500,"Over","2021-11-04"
"Bahir Dar kebele 04","White Teff (Quintal)",0,0,4200,4350,4500,4750,"Sufficient","2021-11-04"
"Bonga","White Teff (Quintal)",0,0,4300,4400,4500,4600,"Sufficient","2021-11-06"
"Dilla","White Teff (Quintal)",0,0,4300,4600,4500,4700,"Sufficient","2021-11-06"
"Adama City","White Teff (Quintal)",0,0,4200,4300,4400,4500,"Sufficient","2021-11-11"
"Bahir Dar kebele 04","White Teff (Quintal)",0,0,4300,4400,4700,4800,"Sufficient","2021-11-11"
"Bonga","White Teff (Quintal)",0,0,4300,4400,4500,4600,"Sufficient","2021-11-13"
"Dilla","White Teff (Quintal)",0,0,4600,4650,4700,4700,"Sufficient","2021-11-13"
"Adama City","White Teff (Quintal)",0,0,4200,4300,4400,4500,"Sufficient","2021-11-18"
"Bahir Dar kebele 04","White Teff (Quintal)",0,0,4350,4450,4700,4800,"Sufficient","2021-11-18"
"Bonga","White Teff (Quintal)",0,0,4100,4200,4300,4400,"Sufficient","2021-11-20"
"Dilla","White Teff (Quintal)",0,0,4500,4600,4600,4700,"Sufficient","2021-11-20"
"Adama City","White Teff (Quintal)",0,0,4400,4500,4600,4700,"Sufficient","2021-11-25"
"Bahir Dar kebele 04","White Teff (Quintal)",0,0,4300,4500,4600,4800,"Sufficient","2021-11-25"
"Bonga","White Teff (Quintal)",0,0,4100,4200,4300,4400,"Sufficient","2021-11-27"
"Dilla","White Teff (Quintal)",0,0,4300,4600,4500,4700,"Sufficient","2021-11-27"
"Adama City","White Teff (Quintal)",0,0,4200,4300,4400,4500,"Over","2021-12-02"
"Bahir Dar kebele 04","White Teff (Quintal)",0,0,4200,4500,4500,4800,"Sufficient","2021-12-02"
"Bonga","White Teff (Quintal)",0,0,4000,4100,4200,4300,"Sufficient","2021-12-04"
"Hawassa ","White Teff (Quintal)",0,0,4700,4750,4800,4900,"Sufficient","2021-12-06"
"Adama City","White Teff (Quintal)",0,0,4300,4400,4500,4600,"Under","2021-12-09"
"Bahir Dar kebele 04","White Teff (Quintal)",0,0,4200,4500,4500,4800,"Sufficient","2021-12-09"
"Dilla","White Teff (Quintal)",0,0,4100,4500,4500,4700,"Sufficient","2021-12-11"
"Bonga","White Teff (Quintal)",0,0,4000,4100,4200,4300,"Sufficient","2021-12-11"
"Hawassa ","White Teff (Quintal)",0,0,4600,4700,4800,4900,"Sufficient","2021-12-13"
"Adama City","White Teff (Quintal)",0,0,4200,4300,4400,4500,"Sufficient","2021-12-16"
"Bahir Dar kebele 04","White Teff (Quintal)",0,0,4100,4500,4300,4800,"Sufficient","2021-12-16"
"Bonga","White Teff (Quintal)",0,0,4000,4100,4200,4300,"Sufficient","2021-12-18"
"Dilla","White Teff (Quintal)",0,0,4400,4500,4600,4700,"Sufficient","2021-12-18"
"Hawassa ","White Teff (Quintal)",0,0,4700,4800,4900,5000,"Sufficient","2021-12-20"
"Hawassa ","White Teff (Quintal)",0,0,4700,4800,4900,5000,"Sufficient","2021-12-20"
"Bahir Dar kebele 04","White Teff (Quintal)",0,0,4200,4500,4450,4700,"Sufficient","2021-12-23"
"Adama City","White Teff (Quintal)",0,0,4400,4500,4600,4700,"Sufficient","2021-12-23"
"Dilla","White Teff (Quintal)",0,0,4300,4400,4600,4700,"Sufficient","2021-12-25"
"Bonga","White Teff (Quintal)",0,0,4200,4300,4400,4500,"Sufficient","2021-12-25"
"Hawassa ","White Teff (Quintal)",0,0,4750,4800,4850,4900,"Sufficient","2021-12-27"
"Adama City","White Teff (Quintal)",0,0,4400,4500,4600,4700,"Over","2021-12-30"
"Bahir Dar kebele 04","White Teff (Quintal)",0,0,4300,4500,4500,4800,"Sufficient","2021-12-30"
"Bonga","White Teff (Quintal)",0,0,4200,4300,4400,4500,"Sufficient","2022-01-01"
"Dilla","White Teff (Quintal)",0,0,4300,4500,4500,4600,"Sufficient","2022-01-01"
"Bonga","White Teff (Quintal)",0,0,4200,4300,4400,4500,"Sufficient","2022-01-01"
"Adama City","White Teff (Quintal)",0,0,4400,4500,4600,4700,"Over","2022-01-06"
"Bahir Dar kebele 04","White Teff (Quintal)",0,0,4300,4500,4550,4800,"Sufficient","2022-01-06"
"Dilla","White Teff (Quintal)",0,0,4600,4700,4700,4900,"Sufficient","2022-01-08"
"Hawassa ","White Teff (Quintal)",0,0,4650,4700,4750,4800,"Sufficient","2022-01-10"
"Bahir Dar kebele 04","White Teff (Quintal)",0,0,4300,4500,4400,4800,"Sufficient","2022-01-13"
"Adama City","White Teff (Quintal)",0,0,4400,4500,4600,4700,"Over","2022-01-13"
"Bonga","White Teff (Quintal)",0,0,4200,4300,4400,4500,"Sufficient","2022-01-15"
"Dilla","White Teff (Quintal)",0,0,4400,4500,4500,4700,"Sufficient","2022-01-15"
"Hawassa ","White Teff (Quintal)",0,0,4600,4650,4850,5000,"Sufficient","2022-01-17"
"Adama City","White Teff (Quintal)",0,0,4500,4600,4700,4800,"Sufficient","2022-01-20"
"Bahir Dar kebele 04","White Teff (Quintal)",0,0,4300,4500,4400,4800,"Sufficient","2022-01-20"
"Bonga","White Teff (Quintal)",0,0,4300,4400,4500,4600,"Sufficient","2022-01-22"
"Dilla","White Teff (Quintal)",0,0,4400,4500,4700,4900,"Sufficient","2022-01-22"
"Hawassa ","White Teff (Quintal)",0,0,4650,4700,4800,4850,"Sufficient","2022-01-24"
"Woldia Gebeya","White Teff (Quintal)",4692,4761,0,0,4900,5037,"Sufficient","2022-01-25"
"Adama City","White Teff (Quintal)",0,0,4400,4500,4600,4700,"Over","2022-01-27"
"Bahir Dar kebele 04","White Teff (Quintal)",0,0,4300,4500,4450,4800,"Sufficient","2022-01-27"
"Dilla","White Teff (Quintal)",0,0,4300,4500,4500,4800,"Sufficient","2022-01-29"
"Bonga","White Teff (Quintal)",0,0,4300,4400,4500,4600,"Sufficient","2022-01-29"
"Hawassa ","White Teff (Quintal)",0,0,4600,4650,4700,4800,"Sufficient","2022-01-31"
"Woldia Gebeya","White Teff (Quintal)",4554,4692,0,0,4761,4830,"Sufficient","2022-02-01"
"Bahir Dar kebele 04","White Teff (Quintal)",0,0,4300,4450,4450,4750,"Sufficient","2022-02-03"
"Dilla","White Teff (Quintal)",0,0,4500,4600,4600,4800,"Sufficient","2022-02-05"
"Bonga","White Teff (Quintal)",0,0,4300,4400,4500,4600,"Sufficient","2022-02-05"
"Hawassa ","White Teff (Quintal)",0,0,4600,4650,4700,4900,"Sufficient","2022-02-07"
"Woldia Gebeya","White Teff (Quintal)",4554,4692,0,0,4692,4830,"Sufficient","2022-02-08"
"Adama City","White Teff (Quintal)",0,0,4300,4400,4500,4600,"Over","2022-02-10"
"Bahir Dar kebele 04","White Teff (Quintal)",0,0,4350,4550,4500,4800,"Sufficient","2022-02-10"
"Bonga","White Teff (Quintal)",0,0,4300,4400,4500,4600,"Sufficient","2022-02-12"
"Dilla","White Teff (Quintal)",0,0,4300,4400,4500,4700,"Sufficient","2022-02-12"
"Hawassa ","White Teff (Quintal)",0,0,4700,4750,4900,4950,"Sufficient","2022-02-14"
"Woldia Gebeya","White Teff (Quintal)",4416,4485,0,0,4554,4692,"Sufficient","2022-02-15"
"Adama City","White Teff (Quintal)",0,0,4300,4400,4500,4600,"Over","2022-02-17"
"Bahir Dar kebele 04","White Teff (Quintal)",0,0,4350,4500,4400,4800,"Sufficient","2022-02-17"
"Bonga","White Teff (Quintal)",0,0,4400,4500,4600,4700,"Sufficient","2022-02-19"
"Dilla","White Teff (Quintal)",0,0,4000,4500,4500,4700,"Sufficient","2022-02-19"
"Hawassa ","White Teff (Quintal)",0,0,4600,4650,4700,4850,"Sufficient","2022-02-21"
"Woldia Gebeya","White Teff (Quintal)",4416,4485,0,0,4554,4692,"Sufficient","2022-02-22"
"Bahir Dar kebele 04","White Teff (Quintal)",0,0,4300,4500,4450,4800,"Sufficient","2022-02-24"
"Adama City","White Teff (Quintal)",0,0,4400,4500,4600,4700,"Sufficient","2022-02-24"
"Dilla","White Teff (Quintal)",0,0,4000,4300,4500,4600,"Sufficient","2022-02-26"
"Bonga","White Teff (Quintal)",0,0,4500,4600,4700,4800,"Sufficient","2022-02-26"
"Hawassa ","White Teff (Quintal)",0,0,4700,4750,4900,4950,"Sufficient","2022-02-28"
"Woldia Gebeya","White Teff (Quintal)",4209,4347,0,0,4416,4554,"Sufficient","2022-03-01"
"Adama City","White Teff (Quintal)",0,0,4400,4500,4600,4700,"Sufficient","2022-03-03"
"Bahir Dar kebele 04","White Teff (Quintal)",0,0,4350,4500,4450,4800,"Sufficient","2022-03-03"
"Bonga","White Teff (Quintal)",0,0,4500,4600,4700,4800,"Sufficient","2022-03-05"
"Dilla","White Teff (Quintal)",0,0,4300,4500,4500,4800,"Sufficient","2022-03-05"
"Hawassa ","White Teff (Quintal)",0,0,4800,4850,5000,5050,"Sufficient","2022-03-07"
"Woldia Gebeya","White Teff (Quintal)",4278,4347,0,0,4416,4485,"Sufficient","2022-03-08"
"Adama City","White Teff (Quintal)",0,0,4400,4500,4600,4700,"Sufficient","2022-03-10"
"Bahir Dar kebele 04","White Teff (Quintal)",0,0,4350,4500,4450,4800,"Sufficient","2022-03-10"
"Bonga","White Teff (Quintal)",0,0,4400,4500,4600,4700,"Sufficient","2022-03-12"
"Dilla","White Teff (Quintal)",0,0,4200,4600,4600,4800,"Sufficient","2022-03-12"
"Hawassa ","White Teff (Quintal)",0,0,4800,4850,5000,5050,"Sufficient","2022-03-14"
"Woldia Gebeya","White Teff (Quintal)",4416,4485,0,0,4485,4623,"Sufficient","2022-03-15"
"Bahir Dar kebele 04","White Teff (Quintal)",0,0,4350,4500,4500,4800,"Sufficient","2022-03-17"
"Adama City","White Teff (Quintal)",0,0,4400,4500,4600,4700,"Sufficient","2022-03-17"
"Bonga","White Teff (Quintal)",0,0,4300,4400,4500,4600,"Sufficient","2022-03-19"
"Dilla","White Teff (Quintal)",0,0,4500,4600,4600,4800,"Sufficient","2022-03-19"
"Hawassa ","White Teff (Quintal)",0,0,4700,4750,4950,5000,"Sufficient","2022-03-21"
"Woldia Gebeya","White Teff (Quintal)",4416,4554,0,0,4554,4692,"Sufficient","2022-03-22"
"Adama City","White Teff (Quintal)",0,0,4400,4500,4650,4700,"Sufficient","2022-03-24"
"Bahir Dar kebele 04","White Teff (Quintal)",0,0,4350,4500,4500,4800,"Sufficient","2022-03-24"
"Bonga","White Teff (Quintal)",0,0,4400,4500,4600,4700,"Sufficient","2022-03-26"
"Dilla","White Teff (Quintal)",0,0,4300,4500,4600,4700,"Sufficient","2022-03-26"
"Hawassa ","White Teff (Quintal)",0,0,4700,4750,4850,4900,"Sufficient","2022-03-28"
"Woldia Gebeya","White Teff (Quintal)",4416,4554,0,0,4554,4692,"Sufficient","2022-03-29"
"Adama City","White Teff (Quintal)",0,0,4500,4600,4700,4800,"Sufficient","2022-03-31"
"Bahir Dar kebele 04","White Teff (Quintal)",0,0,4300,4500,4500,4800,"Sufficient","2022-03-31"
"Dilla","White Teff (Quintal)",0,0,4400,4600,4500,4800,"Sufficient","2022-04-02"
"Hawassa ","White Teff (Quintal)",0,0,4700,4750,4850,4900,"Sufficient","2022-04-04"
"Woldia Gebeya","White Teff (Quintal)",4278,4347,0,0,4416,4485,"Sufficient","2022-04-05"
"Bahir Dar kebele 04","White Teff (Quintal)",0,0,4350,4500,4500,4800,"Sufficient","2022-04-07"
"Adama City","White Teff (Quintal)",0,0,4500,4600,4700,4800,"Sufficient","2022-04-07"
"Bonga","White Teff (Quintal)",0,0,4500,4600,4700,4800,"Sufficient","2022-04-09"
"Bonga","White Teff (Quintal)",0,0,4500,4600,4700,4800,"Sufficient","2022-04-09"
"Dilla","White Teff (Quintal)",0,0,4400,4600,4500,4800,"Sufficient","2022-04-09"
"Hawassa ","White Teff (Quintal)",0,0,4700,4750,4950,5000,"Sufficient","2022-04-11"
"Woldia Gebeya","White Teff (Quintal)",4278,4347,0,0,4416,4485,"Sufficient","2022-04-12"
"Adama City","White Teff (Quintal)",0,0,4500,4600,4700,4800,"Sufficient","2022-04-14"
"Bahir Dar kebele 04","White Teff (Quintal)",0,0,4400,4500,4550,4850,"Sufficient","2022-04-14"
"Bonga","White Teff (Quintal)",0,0,4500,4600,4700,4800,"Sufficient","2022-04-16"
"Dilla","White Teff (Quintal)",0,0,4500,4600,4700,4800,"Sufficient","2022-04-16"
"Hawassa ","White Teff (Quintal)",0,0,4700,4750,4950,5000,"Sufficient","2022-04-18"
"Woldia Gebeya","White Teff (Quintal)",4347,4416,0,0,4416,4554,"Sufficient","2022-04-19"
"Bahir Dar kebele 04","White Teff (Quintal)",0,0,4400,4500,4600,4900,"Sufficient","2022-04-21"
"Adama City","White Teff (Quintal)",0,0,4500,4600,4700,4800,"Sufficient","2022-04-21"
"Hawassa ","White Teff (Quintal)",0,0,4700,4750,4950,5000,"Sufficient","2022-04-25"
"Woldia Gebeya","White Teff (Quintal)",4278,4347,0,0,4416,4554,"Sufficient","2022-04-26"
"Bahir Dar kebele 04","White Teff (Quintal)",0,0,4400,4500,4600,4900,"Sufficient","2022-04-28"
"Adama City","White Teff (Quintal)",0,0,4500,4600,4700,4800,"Sufficient","2022-04-28"
"Bonga","White Teff (Quintal)",0,0,4500,4600,4700,4800,"Sufficient","2022-04-30"
"Dilla","White Teff (Quintal)",0,0,4500,4700,4700,4900,"Sufficient","2022-04-30"
"Hawassa ","White Teff (Quintal)",0,0,4700,4750,4950,5000,"Sufficient","2022-05-02"
"Woldia Gebeya","White Teff (Quintal)",4416,4485,0,0,4485,4623,"Sufficient","2022-05-03"
"Adama City","White Teff (Quintal)",0,0,4500,4600,4700,4800,"Sufficient","2022-05-05"
"Bahir Dar kebele 04","White Teff (Quintal)",0,0,4400,4550,4600,4900,"Sufficient","2022-05-05"
"Bonga","White Teff (Quintal)",0,0,4500,4600,4700,4800,"Sufficient","2022-05-07"
"Dilla","White Teff (Quintal)",0,0,4500,4500,4700,4700,"Sufficient","2022-05-07"
"Hawassa ","White Teff (Quintal)",0,0,4700,4750,5000,5100,"Sufficient","2022-05-09"
"Woldia Gebeya","White Teff (Quintal)",4623,4692,0,0,4692,4830,"Sufficient","2022-05-10"
"Adama City","White Teff (Quintal)",0,0,4700,4800,4900,5000,"Sufficient","2022-05-12"
"Bahir Dar kebele 04","White Teff (Quintal)",0,0,4400,4550,4600,4900,"Sufficient","2022-05-12"
"Bonga","White Teff (Quintal)",0,0,4500,4600,4700,4800,"Sufficient","2022-05-14"
"Dilla","White Teff (Quintal)",0,0,4600,4700,4700,4800,"Sufficient","2022-05-14"
"Hawassa ","White Teff (Quintal)",0,0,4750,4800,4800,5100,"Sufficient","2022-05-16"
"Woldia Gebeya","White Teff (Quintal)",4830,4968,0,0,5037,5175,"Sufficient","2022-05-17"
"Bahir Dar kebele 04","White Teff (Quintal)",0,0,4450,4550,4650,4900,"Sufficient","2022-05-19"
"Adama City","White Teff (Quintal)",0,0,4700,4800,4900,5000,"Sufficient","2022-05-19"
"Bonga","White Teff (Quintal)",0,0,4500,4600,4700,4800,"Sufficient","2022-05-21"
"Dilla","White Teff (Quintal)",0,0,4700,4800,4800,5000,"Sufficient","2022-05-21"
"Hawassa ","White Teff (Quintal)",0,0,4700,4750,4800,5200,"Sufficient","2022-05-23"
"Woldia Gebeya","White Teff (Quintal)",4968,5037,0,0,5037,5175,"Sufficient","2022-05-24"
"Adama City","White Teff (Quintal)",0,0,4800,4900,5000,5200,"Sufficient","2022-05-25"
"Bahir Dar kebele 04","White Teff (Quintal)",0,0,4400,4550,4650,4900,"Sufficient","2022-05-26"
"Dilla","White Teff (Quintal)",0,0,4800,4900,4900,5000,"Sufficient","2022-05-28"
"Hawassa ","White Teff (Quintal)",0,0,4700,4750,4800,5100,"Sufficient","2022-05-30"
"Woldia Gebeya","White Teff (Quintal)",4830,4968,0,0,4968,5106,"Sufficient","2022-05-31"
"Adama City","White Teff (Quintal)",0,0,4900,5000,5100,5200,"Sufficient","2022-06-02"
"Bahir Dar kebele 04","White Teff (Quintal)",0,0,4400,4550,4650,4900,"Sufficient","2022-06-02"
"Bonga","White Teff (Quintal)",0,0,4500,4600,4700,4800,"Sufficient","2022-06-04"
"Dilla","White Teff (Quintal)",0,0,4600,4800,4800,5000,"Sufficient","2022-06-04"
"Hawassa ","White Teff (Quintal)",0,0,4700,4750,4800,5200,"Sufficient","2022-06-06"
"Woldia Gebeya","White Teff (Quintal)",4761,4830,0,0,4830,4899,"Sufficient","2022-06-07"
"Adama City","White Teff (Quintal)",0,0,4900,5000,5100,5200,"Sufficient","2022-06-09"
"Bahir Dar kebele 04","White Teff (Quintal)",0,0,4400,4550,4650,4900,"Sufficient","2022-06-09"
"Bonga","White Teff (Quintal)",0,0,4700,4800,4900,5000,"Sufficient","2022-06-11"
"Dilla","White Teff (Quintal)",0,0,4700,4700,5000,5000,"Sufficient","2022-06-11"
"Hawassa ","White Teff (Quintal)",0,0,4700,4750,4800,5300,"Sufficient","2022-06-13"
"Woldia Gebeya","White Teff (Quintal)",4830,4965,0,0,4968,5037,"Sufficient","2022-06-14"
"Adama City","White Teff (Quintal)",0,0,4900,5000,5100,5200,"Sufficient","2022-06-16"
"Bahir Dar kebele 04","White Teff (Quintal)",0,0,4450,4550,4650,5000,"Sufficient","2022-06-16"
"Bonga","White Teff (Quintal)",0,0,4700,4800,4900,5000,"Sufficient","2022-06-18"
"Dilla","White Teff (Quintal)",0,0,4800,4900,4900,5000,"Sufficient","2022-06-18"
"Hawassa ","White Teff (Quintal)",0,0,4700,4750,4800,5300,"Sufficient","2022-06-20"
"Woldia Gebeya","White Teff (Quintal)",4830,4968,0,0,4968,5106,"Sufficient","2022-06-21"
"Bahir Dar kebele 04","White Teff (Quintal)",0,0,4600,4800,4800,5500,"Sufficient","2022-06-23"
"Adama City","White Teff (Quintal)",0,0,5000,5100,5200,5300,"Sufficient","2022-06-23"
"Dilla","White Teff (Quintal)",0,0,4800,4900,4900,5000,"Sufficient","2022-06-25"
"Hawassa ","White Teff (Quintal)",0,0,4700,4750,4800,5300,"Sufficient","2022-06-27"
"Woldia Gebeya","White Teff (Quintal)",4830,4968,0,0,4968,5106,"Sufficient","2022-06-28"
"Bahir Dar kebele 04","White Teff (Quintal)",0,0,4500,4700,4800,5500,"Sufficient","2022-06-30"
"Dilla","White Teff (Quintal)",0,0,4800,4900,4900,5000,"Sufficient","2022-07-02"
"Hawassa ","White Teff (Quintal)",0,0,4800,4850,4900,5200,"Sufficient","2022-07-04"
"Bahir Dar kebele 04","White Teff (Quintal)",0,0,4500,4650,4700,5200,"Sufficient","2022-07-07"
"Dilla","White Teff (Quintal)",0,0,4900,5000,5000,5100,"Sufficient","2022-07-09"
"Hawassa ","White Teff (Quintal)",0,0,4800,4850,5000,5300,"Sufficient","2022-07-11"
"Woldia Gebeya","White Teff (Quintal)",4968,5037,0,0,5037,5175,"Sufficient","2022-07-12"
"Adama City","White Teff (Quintal)",0,0,5000,5100,5200,5300,"Sufficient","2022-07-14"
"Bahir Dar kebele 04","White Teff (Quintal)",0,0,4500,4700,4700,5200,"Sufficient","2022-07-14"
"Dilla","White Teff (Quintal)",0,0,5100,5200,5200,5400,"Sufficient","2022-07-16"
"Hawassa ","White Teff (Quintal)",0,0,5000,5100,5200,5300,"Sufficient","2022-07-18"
"Woldia Gebeya","White Teff (Quintal)",4830,4968,0,0,5037,5175,"Sufficient","2022-07-19"
"Adama City","White Teff (Quintal)",0,0,5100,5200,5300,5400,"Sufficient","2022-07-21"
"Bahir Dar kebele 04","White Teff (Quintal)",0,0,4550,4700,4800,5200,"Sufficient","2022-07-21"
"Dilla","White Teff (Quintal)",0,0,5000,5100,5100,5200,"Sufficient","2022-07-23"
"Bonga","White Teff (Quintal)",0,0,4900,5000,5100,5200,"Sufficient","2022-07-23"
"Hawassa ","White Teff (Quintal)",0,0,5000,5100,5200,5300,"Sufficient","2022-07-25"
"Woldia Gebeya","White Teff (Quintal)",4830,4968,0,0,5037,5175,"Sufficient","2022-07-26"
"Adama City","White Teff (Quintal)",0,0,5100,5200,5300,5400,"Sufficient","2022-07-28"
"Bahir Dar kebele 04","White Teff (Quintal)",0,0,4550,4700,4800,5200,"Sufficient","2022-07-28"
"Bonga","White Teff (Quintal)",0,0,5000,5100,5200,5300,"Sufficient","2022-07-30"
"Dilla","White Teff (Quintal)",0,0,5000,5100,5100,5200,"Sufficient","2022-07-30"
"Hawassa ","White Teff (Quintal)",0,0,5000,5050,5100,5200,"Sufficient","2022-08-01"
"Woldia Gebeya","White Teff (Quintal)",4968,5037,0,0,5037,5175,"Sufficient","2022-08-02"
"Adama City","White Teff (Quintal)",0,0,5200,5300,5400,5500,"Sufficient","2022-08-04"
"Bahir Dar kebele 04","White Teff (Quintal)",0,0,4600,4800,4950,5300,"Sufficient","2022-08-04"
"Bonga","White Teff (Quintal)",0,0,5100,5200,5300,5400,"Sufficient","2022-08-06"
"Dilla","White Teff (Quintal)",0,0,5000,5100,5100,5200,"Sufficient","2022-08-06"
"Hawassa ","White Teff (Quintal)",0,0,5000,5100,5200,5400,"Sufficient","2022-08-08"
"Woldia Gebeya","White Teff (Quintal)",4830,4968,0,0,4968,5106,"Sufficient","2022-08-09"
"Adama City","White Teff (Quintal)",0,0,5200,5300,5400,5500,"Sufficient","2022-08-11"
"Bahir Dar kebele 04","White Teff (Quintal)",0,0,4600,4800,4950,5300,"Sufficient","2022-08-11"
"Bonga","White Teff (Quintal)",0,0,5300,5400,5400,5500,"Sufficient","2022-08-13"
"Dilla","White Teff (Quintal)",0,0,5000,5100,5100,5200,"Sufficient","2022-08-13"
"Hawassa ","White Teff (Quintal)",0,0,5000,5100,5200,5400,"Sufficient","2022-08-15"
"Woldia Gebeya","White Teff (Quintal)",4968,5037,0,0,5037,5175,"Sufficient","2022-08-16"
"Adama City","White Teff (Quintal)",0,0,5200,5300,5400,5500,"Sufficient","2022-08-18"
"Bahir Dar kebele 04","White Teff (Quintal)",0,0,4600,4800,4950,5300,"Sufficient","2022-08-18"
"Dilla","White Teff (Quintal)",0,0,5000,5100,5100,5200,"Sufficient","2022-08-20"
"Bonga","White Teff (Quintal)",0,0,5200,5300,5400,5500,"Sufficient","2022-08-20"
"Hawassa ","White Teff (Quintal)",0,0,5000,5100,5200,5300,"Sufficient","2022-08-22"
"Adama City","White Teff (Quintal)",0,0,5100,5200,5300,5400,"Sufficient","2022-08-25"
"Bahir Dar kebele 04","White Teff (Quintal)",0,0,4600,4800,4950,5300,"Sufficient","2022-08-25"
"Dilla","White Teff (Quintal)",0,0,4750,5100,4800,5200,"Sufficient","2022-08-27"
"Bonga","White Teff (Quintal)",0,0,5200,5300,5400,5500,"Sufficient","2022-08-27"
"Hawassa ","White Teff (Quintal)",0,0,5000,5100,5200,5300,"Sufficient","2022-08-29"
"Bahir Dar kebele 04","White Teff (Quintal)",0,0,4700,4900,5000,5500,"Sufficient","2022-09-01"
"Adama City","White Teff (Quintal)",0,0,5100,5200,5300,5400,"Sufficient","2022-09-01"
"Bahir Dar kebele 04","White Teff (Quintal)",0,0,4700,4900,5000,5500,"Sufficient","2022-09-02"
"Dilla","White Teff (Quintal)",0,0,5100,5200,5200,5300,"Sufficient","2022-09-03"
"Bonga","White Teff (Quintal)",0,0,5300,5400,5500,5600,"Sufficient","2022-09-03"
"Hawassa ","White Teff (Quintal)",0,0,5000,5100,5300,5500,"Sufficient","2022-09-05"
"Adama City","White Teff (Quintal)",0,0,5200,5300,5400,5500,"Sufficient","2022-09-07"
"Bahir Dar kebele 04","White Teff (Quintal)",0,0,4700,4900,5000,5500,"Sufficient","2022-09-08"
"Hawassa ","White Teff (Quintal)",0,0,5000,5100,5200,5500,"Sufficient","2022-09-12"
"Adama City","White Teff (Quintal)",0,0,5100,5200,5300,5400,"Sufficient","2022-09-15"
"Bahir Dar kebele 04","White Teff (Quintal)",0,0,4700,4900,5000,5500,"Sufficient","2022-09-15"
"Dilla","White Teff (Quintal)",0,0,5100,5200,5200,5300,"Sufficient","2022-09-17"
"Bonga","White Teff (Quintal)",0,0,5400,5500,5600,5700,"Sufficient","2022-09-17"
"Hawassa ","White Teff (Quintal)",0,0,5000,5100,5200,5500,"Sufficient","2022-09-19"
"Adama City","White Teff (Quintal)",0,0,5200,5300,5400,5500,"Sufficient","2022-09-22"
"Bahir Dar kebele 04","White Teff (Quintal)",0,0,4700,4900,5000,5500,"Sufficient","2022-09-22"
"Dilla","White Teff (Quintal)",0,0,4950,5200,5000,5300,"Sufficient","2022-09-24"
"Bonga","White Teff (Quintal)",0,0,5400,5500,5600,5700,"Under","2022-09-24"
"Bahir Dar kebele 04","White Teff (Quintal)",0,0,4600,4800,4950,5300,"Sufficient","2022-09-29"
"Adama City","White Teff (Quintal)",0,0,5100,5200,5300,5400,"Sufficient","2022-09-29"
"Dilla","White Teff (Quintal)",0,0,5200,5300,5300,5400,"Sufficient","2022-10-01"
"Bonga","White Teff (Quintal)",0,0,5200,5300,5400,5500,"Sufficient","2022-10-01"
"Hawassa ","White Teff (Quintal)",0,0,5100,5100,5300,5600,"Sufficient","2022-10-03"
"Woldia Gebeya","White Teff (Quintal)",4968,5037,0,0,5037,5106,"Sufficient","2022-10-04"
"Bahir Dar kebele 04","White Teff (Quintal)",0,0,4750,4950,5000,5500,"Sufficient","2022-10-06"
"Adama City","White Teff (Quintal)",0,0,5100,5200,5300,5400,"Sufficient","2022-10-06"
"Dilla","White Teff (Quintal)",0,0,5200,5300,5300,5400,"Sufficient","2022-10-08"
"Bonga","White Teff (Quintal)",0,0,5200,5300,5400,5500,"Sufficient","2022-10-08"
"Hawassa ","White Teff (Quintal)",0,0,5000,5100,5300,5500,"Sufficient","2022-10-10"
"Woldia Gebeya","White Teff (Quintal)",4899,4968,0,0,5037,5175,"Sufficient","2022-10-11"
"Adama City","White Teff (Quintal)",0,0,5100,5200,5300,5400,"Sufficient","2022-10-13"
"Bahir Dar kebele 04","White Teff (Quintal)",0,0,4750,4950,5000,5500,"Sufficient","2022-10-13"
"Dilla","White Teff (Quintal)",0,0,5300,5400,5400,5500,"Sufficient","2022-10-15"
"Bonga","White Teff (Quintal)",0,0,5200,5300,5400,5500,"Sufficient","2022-10-15"
"Hawassa ","White Teff (Quintal)",0,0,5000,5100,5300,5600,"Sufficient","2022-10-17"
"Woldia Gebeya","White Teff (Quintal)",4899,4968,0,0,5037,5175,"Sufficient","2022-10-18"
"Adama City","White Teff (Quintal)",0,0,5100,5200,5300,5400,"Sufficient","2022-10-20"
"Bahir Dar kebele 04","White Teff (Quintal)",0,0,4750,4950,5000,5500,"Sufficient","2022-10-20"
"Dilla","White Teff (Quintal)",0,0,5300,5400,5400,5500,"Sufficient","2022-10-22"
"Bonga","White Teff (Quintal)",0,0,5400,5500,5600,5700,"Sufficient","2022-10-22"
"Hawassa ","White Teff (Quintal)",0,0,5000,5100,5300,5600,"Sufficient","2022-10-24"
"Woldia Gebeya","White Teff (Quintal)",4968,5037,0,0,5037,5106,"Sufficient","2022-10-25"
"Bahir Dar kebele 04","White Teff (Quintal)",0,0,4700,4900,4950,5400,"Sufficient","2022-10-27"
"Dilla","White Teff (Quintal)",0,0,5300,5400,5400,5500,"Sufficient","2022-10-29"
"Bonga","White Teff (Quintal)",0,0,5300,5400,5500,5600,"Sufficient","2022-10-29"
"Hawassa ","White Teff (Quintal)",0,0,5000,5100,5400,5600,"Sufficient","2022-10-31"
"Woldia Gebeya","White Teff (Quintal)",4968,5037,0,0,5037,5106,"Sufficient","2022-11-01"
"Bahir Dar kebele 04","White Teff (Quintal)",0,0,4750,4900,4950,5400,"Sufficient","2022-11-03"
"Dilla","White Teff (Quintal)",0,0,5300,5400,5400,5500,"Sufficient","2022-11-05"
"Bonga","White Teff (Quintal)",0,0,5400,5500,5600,5700,"Under","2022-11-05"
"Woldia Gebeya","White Teff (Quintal)",5037,5106,0,0,5106,5244,"Sufficient","2022-11-08"
"Bahir Dar kebele 04","White Teff (Quintal)",0,0,4750,4900,4950,5400,"Sufficient","2022-11-10"
"Dilla","White Teff (Quintal)",0,0,5200,5300,5300,5500,"Sufficient","2022-11-12"
"Bonga","White Teff (Quintal)",0,0,5200,5300,5400,5500,"Sufficient","2022-11-12"
"Hawassa ","White Teff (Quintal)",0,0,5000,5100,5400,5600,"Sufficient","2022-11-14"
"Woldia Gebeya","White Teff (Quintal)",5037,5083,0,0,5106,5244,"Sufficient","2022-11-15"
"Bahir Dar kebele 04","White Teff (Quintal)",0,0,4750,4900,4950,5400,"Sufficient","2022-11-17"
"Dilla","White Teff (Quintal)",0,0,5200,5300,5300,5500,"Sufficient","2022-11-19"
"Dilla","White Teff (Quintal)",0,0,5200,5300,5300,5500,"Sufficient","2022-11-19"
"Bonga","White Teff (Quintal)",0,0,5200,5300,5400,5500,"Sufficient","2022-11-19"
"Woldia Gebeya","White Teff (Quintal)",5037,5175,0,0,5175,5244,"Sufficient","2022-11-22"
"Bahir Dar kebele 04","White Teff (Quintal)",0,0,4750,4900,4950,5400,"Sufficient","2022-11-24"
"Dilla","White Teff (Quintal)",0,0,5200,5300,5300,5500,"Sufficient","2022-11-26"
"Bonga","White Teff (Quintal)",0,0,5100,5200,5300,5400,"Sufficient","2022-11-26"
"Woldia Gebeya","White Teff (Quintal)",5037,5175,0,0,5175,5244,"Sufficient","2022-11-29"
"Woldia Gebeya","White Teff (Quintal)",5037,5175,0,0,5175,5244,"Sufficient","2022-11-29"
"Bahir Dar kebele 04","White Teff (Quintal)",0,0,4800,4950,5000,5500,"Sufficient","2022-12-01"
"Bonga","White Teff (Quintal)",0,0,4800,4900,5000,5100,"Over","2022-12-03"
"Bahir Dar kebele 04","White Teff (Quintal)",0,0,4800,4950,5000,5500,"Sufficient","2022-12-08"
"Dilla","White Teff (Quintal)",0,0,5100,5300,5200,5400,"Sufficient","2022-12-10"
"Adama City","White Teff (Quintal)",0,0,5200,5300,5400,5500,"Sufficient","2022-12-15"
"Bonga","White Teff (Quintal)",0,0,4700,4800,4900,5000,"Sufficient","2022-12-17"
"Woldia Gebeya","White Teff (Quintal)",5589,5656,0,0,5658,5796,"Sufficient","2022-12-20"
"Sululta","White Teff (Quintal)",0,0,0,0,5650,5700,"Under","2022-12-22"
"Bahir Dar kebele 04","White Teff (Quintal)",0,0,5800,5980,6000,6200,"Sufficient","2022-12-22"
"Bonga","White Teff (Quintal)",0,0,5100,5200,5300,5400,"Sufficient","2022-12-24"
"Woldia Gebeya","White Teff (Quintal)",5382,5451,0,0,5451,5520,"Sufficient","2022-12-27"
"Bahir Dar kebele 04","White Teff (Quintal)",0,0,5600,5800,5900,6100,"Sufficient","2022-12-29"
"Adama City","White Teff (Quintal)",0,0,5100,5200,5500,5600,"Sufficient","2022-12-29"
"Bonga","White Teff (Quintal)",0,0,5100,5200,5300,5400,"Sufficient","2022-12-31"
"Dilla","White Teff (Quintal)",0,0,5300,5500,5400,5600,"Sufficient","2022-12-31"
"Woldia Gebeya","White Teff (Quintal)",5520,5589,0,0,5589,5727,"Sufficient","2023-01-03"
"Bahir Dar kebele 04","White Teff (Quintal)",0,0,5500,5700,5800,6000,"Sufficient","2023-01-05"
"Sululta","White Teff (Quintal)",0,0,0,0,5600,5700,"Under","2023-01-05"
"Adama City","White Teff (Quintal)",0,0,5200,5300,5500,5600,"Sufficient","2023-01-05"
"Woldia Gebeya","White Teff (Quintal)",5520,5589,0,0,5589,5727,"Sufficient","2023-01-10"
"Bahir Dar kebele 04","White Teff (Quintal)",0,0,5900,6100,6200,6500,"Sufficient","2023-01-12"
"Sululta","White Teff (Quintal)",0,0,0,0,5550,5600,"Under","2023-01-12"
"Adama City","White Teff (Quintal)",0,0,5300,5400,5500,5600,"Under","2023-01-12"
"Dilla","White Teff (Quintal)",0,0,5600,5700,5700,5800,"Sufficient","2023-01-14"
"Bonga","White Teff (Quintal)",0,0,5100,5200,5300,5400,"Sufficient","2023-01-14"
"Woldia Gebeya","White Teff (Quintal)",6068,6142,0,0,6142,6290,"Sufficient","2023-01-17"
"Adama City","White Teff (Quintal)",0,0,5400,5500,5600,5700,"Sufficient","2023-01-19"
"Dilla","White Teff (Quintal)",0,0,5600,5800,5800,6000,"Sufficient","2023-01-21"
"Woldia Gebeya","White Teff (Quintal)",6068,6142,0,0,6142,6290,"Sufficient","2023-01-24"
"Sululta","White Teff (Quintal)",0,0,0,0,5600,5650,"Under","2023-01-26"
"Bahir Dar kebele 04","White Teff (Quintal)",0,0,5900,6100,6200,6500,"Sufficient","2023-01-26"
"Adama City","White Teff (Quintal)",0,0,5500,5600,5700,5800,"Sufficient","2023-01-26"
"Bonga","White Teff (Quintal)",0,0,5200,5300,5400,5500,"Sufficient","2023-01-28"
"Sululta","White Teff (Quintal)",0,0,0,0,5700,5800,"Under","2023-02-02"
"Bahir Dar kebele 04","White Teff (Quintal)",0,0,5900,6100,6200,6500,"Sufficient","2023-02-02"
"Adama City","White Teff (Quintal)",0,0,5600,5700,5800,6000,"Sufficient","2023-02-02"
"Dilla","White Teff (Quintal)",0,0,5700,5900,5800,6000,"Sufficient","2023-02-04"
"Bonga","White Teff (Quintal)",0,0,5500,5600,5700,5800,"Sufficient","2023-02-04"
"Woldia Gebeya","White Teff (Quintal)",5520,5589,0,0,5589,5727,"Sufficient","2023-02-07"
"Bahir Dar kebele 04","White Teff (Quintal)",0,0,5700,6100,5800,6500,"Sufficient","2023-02-09"
"Bahir Dar kebele 04","White Teff (Quintal)",0,0,5700,6100,5800,6500,"Sufficient","2023-02-16"
"Dilla","White Teff (Quintal)",0,0,5700,6300,5800,6400,"Sufficient","2023-02-18"
"Adama City","White Teff (Quintal)",0,0,6600,6700,6700,6900,"Sufficient","2023-02-23"
"Bahir Dar kebele 04","White Teff (Quintal)",0,0,0,0,6500,6800,"Sufficient","2023-02-23"
"Dilla","White Teff (Quintal)",0,0,6400,6900,6500,7000,"Sufficient","2023-02-25"
"Woldia Gebeya","White Teff (Quintal)",6290,6438,0,0,6512,6660,"Sufficient","2023-02-28"
"Adama City","White Teff (Quintal)",0,0,6700,6800,6900,7000,"Under","2023-03-02"
"Bahir Dar kebele 04","White Teff (Quintal)",0,0,0,0,6500,6800,"Sufficient","2023-03-02"
"Dilla","White Teff (Quintal)",0,0,6700,6800,6800,7000,"Sufficient","2023-03-04"
"Woldia Gebeya","White Teff (Quintal)",6808,6956,0,0,6956,7106,"Sufficient","2023-03-07"
"Bahir Dar kebele 04","White Teff (Quintal)",0,0,6200,6500,6500,7000,"Sufficient","2023-03-09"
"Adama City","White Teff (Quintal)",0,0,7200,7300,7400,7500,"Sufficient","2023-03-10"
